Time,Open,High,Low,Close,Volume,Symbol
2025-05-19 19:20:00,15.634,15.645,15.623,15.628,1116.0,LINKUSDT_UMCBL
2025-05-19 19:25:00,15.628,15.628,15.591,15.598,1756.0,LINKUSDT_UMCBL
2025-05-19 19:30:00,15.598,15.709,15.598,15.698,6050.0,LINKUSDT_UMCBL
2025-05-19 19:35:00,15.698,15.923,15.69,15.825,13934.0,LINKUSDT_UMCBL
2025-05-19 19:40:00,15.825,15.876,15.787,15.787,5980.0,LINKUSDT_UMCBL
2025-05-19 19:45:00,15.787,15.806,15.768,15.79,5571.0,LINKUSDT_UMCBL
2025-05-19 19:50:00,15.79,15.815,15.751,15.767,1493.0,LINKUSDT_UMCBL
2025-05-19 19:55:00,15.767,15.797,15.738,15.794,2579.0,LINKUSDT_UMCBL
2025-05-19 20:00:00,15.794,15.827,15.764,15.827,4625.0,LINKUSDT_UMCBL
2025-05-19 20:05:00,15.827,15.827,15.776,15.777,989.0,LINKUSDT_UMCBL
2025-05-19 20:10:00,15.777,15.777,15.71,15.719,5199.0,LINKUSDT_UMCBL
2025-05-19 20:15:00,15.719,15.796,15.719,15.793,2339.0,LINKUSDT_UMCBL
2025-05-19 20:20:00,15.793,15.831,15.768,15.818,2296.0,LINKUSDT_UMCBL
2025-05-19 20:25:00,15.818,15.85,15.811,15.837,852.0,LINKUSDT_UMCBL
2025-05-19 20:30:00,15.837,15.837,15.797,15.805,608.0,LINKUSDT_UMCBL
2025-05-19 20:35:00,15.805,15.82,15.781,15.795,2540.0,LINKUSDT_UMCBL
2025-05-19 20:40:00,15.795,15.816,15.772,15.778,770.0,LINKUSDT_UMCBL
2025-05-19 20:45:00,15.778,15.8,15.769,15.8,2648.0,LINKUSDT_UMCBL
2025-05-19 20:50:00,15.8,15.82,15.78,15.78,2693.0,LINKUSDT_UMCBL
2025-05-19 20:55:00,15.78,15.78,15.751,15.763,560.0,LINKUSDT_UMCBL
2025-05-19 21:00:00,15.763,15.777,15.756,15.777,303.0,LINKUSDT_UMCBL
2025-05-19 21:05:00,15.777,15.777,15.726,15.737,1312.0,LINKUSDT_UMCBL
2025-05-19 21:10:00,15.737,15.762,15.737,15.761,439.0,LINKUSDT_UMCBL
2025-05-19 21:15:00,15.761,15.761,15.737,15.737,249.0,LINKUSDT_UMCBL
2025-05-19 21:20:00,15.737,15.745,15.735,15.745,77.0,LINKUSDT_UMCBL
2025-05-19 21:25:00,15.745,15.745,15.671,15.674,5997.0,LINKUSDT_UMCBL
2025-05-19 21:30:00,15.674,15.71,15.673,15.71,2536.0,LINKUSDT_UMCBL
2025-05-19 21:35:00,15.71,15.758,15.709,15.758,278.0,LINKUSDT_UMCBL
2025-05-19 21:40:00,15.758,15.758,15.718,15.742,7592.0,LINKUSDT_UMCBL
2025-05-19 21:45:00,15.742,15.773,15.738,15.772,1260.0,LINKUSDT_UMCBL
2025-05-19 21:50:00,15.772,15.794,15.772,15.781,844.0,LINKUSDT_UMCBL
2025-05-19 21:55:00,15.781,15.807,15.778,15.807,437.0,LINKUSDT_UMCBL
2025-05-19 22:00:00,15.807,15.807,15.76,15.76,627.0,LINKUSDT_UMCBL
2025-05-19 22:05:00,15.76,15.767,15.751,15.751,1190.0,LINKUSDT_UMCBL
2025-05-19 22:10:00,15.751,15.754,15.688,15.7,1926.0,LINKUSDT_UMCBL
2025-05-19 22:15:00,15.7,15.706,15.69,15.705,1642.0,LINKUSDT_UMCBL
2025-05-19 22:20:00,15.705,15.705,15.66,15.669,1479.0,LINKUSDT_UMCBL
2025-05-19 22:25:00,15.669,15.679,15.651,15.658,589.0,LINKUSDT_UMCBL
2025-05-19 22:30:00,15.658,15.705,15.658,15.705,13505.0,LINKUSDT_UMCBL
2025-05-19 22:35:00,15.705,15.711,15.695,15.697,223.0,LINKUSDT_UMCBL
2025-05-19 22:40:00,15.697,15.712,15.684,15.712,809.0,LINKUSDT_UMCBL
2025-05-19 22:45:00,15.712,15.737,15.712,15.724,791.0,LINKUSDT_UMCBL
2025-05-19 22:50:00,15.724,15.724,15.704,15.705,163.0,LINKUSDT_UMCBL
2025-05-19 22:55:00,15.705,15.715,15.699,15.699,2223.0,LINKUSDT_UMCBL
2025-05-19 23:00:00,15.699,15.74,15.699,15.74,264.0,LINKUSDT_UMCBL
2025-05-19 23:05:00,15.74,15.771,15.74,15.765,966.0,LINKUSDT_UMCBL
2025-05-19 23:10:00,15.765,15.771,15.76,15.76,1503.0,LINKUSDT_UMCBL
2025-05-19 23:15:00,15.76,15.77,15.739,15.739,329.0,LINKUSDT_UMCBL
2025-05-19 23:20:00,15.739,15.739,15.729,15.735,229.0,LINKUSDT_UMCBL
2025-05-19 23:25:00,15.735,15.739,15.722,15.722,727.0,LINKUSDT_UMCBL
2025-05-19 23:30:00,15.722,15.756,15.707,15.756,592.0,LINKUSDT_UMCBL
2025-05-19 23:35:00,15.756,15.769,15.755,15.763,533.0,LINKUSDT_UMCBL
2025-05-19 23:40:00,15.763,15.799,15.763,15.776,277.0,LINKUSDT_UMCBL
2025-05-19 23:45:00,15.776,15.816,15.776,15.815,1436.0,LINKUSDT_UMCBL
2025-05-19 23:50:00,15.815,15.83,15.799,15.8,1983.0,LINKUSDT_UMCBL
2025-05-19 23:55:00,15.8,15.815,15.788,15.796,372.0,LINKUSDT_UMCBL
2025-05-20 00:00:00,15.796,15.823,15.789,15.814,1792.0,LINKUSDT_UMCBL
2025-05-20 00:05:00,15.814,15.846,15.814,15.846,485.0,LINKUSDT_UMCBL
2025-05-20 00:10:00,15.846,15.89,15.827,15.881,9787.0,LINKUSDT_UMCBL
2025-05-20 00:15:00,15.881,15.996,15.881,15.984,6137.0,LINKUSDT_UMCBL
2025-05-20 00:20:00,15.984,15.99,15.848,15.855,8396.0,LINKUSDT_UMCBL
2025-05-20 00:25:00,15.855,15.916,15.772,15.772,7069.0,LINKUSDT_UMCBL
2025-05-20 00:30:00,15.772,15.787,15.724,15.726,3866.0,LINKUSDT_UMCBL
2025-05-20 00:35:00,15.726,15.836,15.726,15.814,4277.0,LINKUSDT_UMCBL
2025-05-20 00:40:00,15.814,15.814,15.738,15.748,6190.0,LINKUSDT_UMCBL
2025-05-20 00:45:00,15.748,15.763,15.691,15.697,3566.0,LINKUSDT_UMCBL
2025-05-20 00:50:00,15.697,15.709,15.686,15.704,745.0,LINKUSDT_UMCBL
2025-05-20 00:55:00,15.704,15.718,15.675,15.695,5984.0,LINKUSDT_UMCBL
2025-05-20 01:00:00,15.695,15.771,15.681,15.771,1269.0,LINKUSDT_UMCBL
2025-05-20 01:05:00,15.771,15.803,15.754,15.787,4814.0,LINKUSDT_UMCBL
2025-05-20 01:10:00,15.787,15.787,15.754,15.764,1203.0,LINKUSDT_UMCBL
2025-05-20 01:15:00,15.764,15.79,15.741,15.782,1941.0,LINKUSDT_UMCBL
2025-05-20 01:20:00,15.782,15.885,15.782,15.885,2137.0,LINKUSDT_UMCBL
2025-05-20 01:25:00,15.885,15.91,15.87,15.91,952.0,LINKUSDT_UMCBL
2025-05-20 01:30:00,15.91,15.985,15.906,15.966,7261.0,LINKUSDT_UMCBL
2025-05-20 01:35:00,15.966,16.047,15.961,16.04,5917.0,LINKUSDT_UMCBL
2025-05-20 01:40:00,16.04,16.062,15.992,15.993,8520.0,LINKUSDT_UMCBL
2025-05-20 01:45:00,15.993,16.069,15.993,16.011,4806.0,LINKUSDT_UMCBL
2025-05-20 01:50:00,16.011,16.123,16.011,16.116,3853.0,LINKUSDT_UMCBL
2025-05-20 01:55:00,16.116,16.191,16.086,16.086,16653.0,LINKUSDT_UMCBL
2025-05-20 02:00:00,16.086,16.187,16.086,16.151,18312.0,LINKUSDT_UMCBL
2025-05-20 02:05:00,16.151,16.185,16.122,16.17,2865.0,LINKUSDT_UMCBL
2025-05-20 02:10:00,16.17,16.248,16.148,16.248,8546.0,LINKUSDT_UMCBL
2025-05-20 02:15:00,16.248,16.348,16.229,16.344,14155.0,LINKUSDT_UMCBL
2025-05-20 02:20:00,16.344,16.421,16.283,16.406,16541.0,LINKUSDT_UMCBL
2025-05-20 02:25:00,16.406,16.407,16.282,16.29,9487.0,LINKUSDT_UMCBL
2025-05-20 02:30:00,16.29,16.358,16.289,16.33,9854.0,LINKUSDT_UMCBL
2025-05-20 02:35:00,16.33,16.339,16.256,16.258,4806.0,LINKUSDT_UMCBL
2025-05-20 02:40:00,16.258,16.312,16.244,16.244,2840.0,LINKUSDT_UMCBL
2025-05-20 02:45:00,16.244,16.27,16.172,16.181,6311.0,LINKUSDT_UMCBL
2025-05-20 02:50:00,16.181,16.222,16.181,16.206,3558.0,LINKUSDT_UMCBL
2025-05-20 02:55:00,16.206,16.219,16.166,16.199,3016.0,LINKUSDT_UMCBL
2025-05-20 03:00:00,16.199,16.236,16.168,16.227,2866.0,LINKUSDT_UMCBL
2025-05-20 03:05:00,16.227,16.258,16.191,16.211,1499.0,LINKUSDT_UMCBL
2025-05-20 03:10:00,16.211,16.237,16.193,16.193,617.0,LINKUSDT_UMCBL
2025-05-20 03:15:00,16.193,16.236,16.136,16.153,3500.0,LINKUSDT_UMCBL
2025-05-20 03:20:00,16.153,16.195,16.152,16.173,1126.0,LINKUSDT_UMCBL
2025-05-20 03:25:00,16.173,16.2,16.159,16.173,3667.0,LINKUSDT_UMCBL
2025-05-20 03:30:00,16.173,16.184,16.057,16.068,25375.0,LINKUSDT_UMCBL
2025-05-20 03:35:00,16.068,16.095,16.064,16.092,5092.0,LINKUSDT_UMCBL
2025-05-20 03:40:00,16.092,16.105,16.074,16.082,1156.0,LINKUSDT_UMCBL
2025-05-20 03:45:00,16.082,16.11,16.05,16.067,2795.0,LINKUSDT_UMCBL
2025-05-20 03:50:00,16.067,16.094,16.067,16.09,3780.0,LINKUSDT_UMCBL
2025-05-20 03:55:00,16.09,16.144,16.09,16.129,3554.0,LINKUSDT_UMCBL
2025-05-20 04:00:00,16.129,16.15,16.093,16.094,3247.0,LINKUSDT_UMCBL
2025-05-20 04:05:00,16.094,16.094,16.068,16.068,1419.0,LINKUSDT_UMCBL
2025-05-20 04:10:00,16.068,16.097,16.045,16.097,4015.0,LINKUSDT_UMCBL
2025-05-20 04:15:00,16.097,16.1,16.047,16.063,715.0,LINKUSDT_UMCBL
2025-05-20 04:20:00,16.063,16.076,16.025,16.055,5634.0,LINKUSDT_UMCBL
2025-05-20 04:25:00,16.055,16.055,16.027,16.027,883.0,LINKUSDT_UMCBL
2025-05-20 04:30:00,16.027,16.043,16.02,16.043,4320.0,LINKUSDT_UMCBL
2025-05-20 04:35:00,16.043,16.073,16.041,16.055,1368.0,LINKUSDT_UMCBL
2025-05-20 04:40:00,16.055,16.065,16.045,16.045,710.0,LINKUSDT_UMCBL
2025-05-20 04:45:00,16.045,16.13,16.045,16.122,11983.0,LINKUSDT_UMCBL
2025-05-20 04:50:00,16.122,16.186,16.111,16.182,5559.0,LINKUSDT_UMCBL
2025-05-20 04:55:00,16.182,16.191,16.153,16.187,2932.0,LINKUSDT_UMCBL
2025-05-20 05:00:00,16.187,16.228,16.177,16.191,9075.0,LINKUSDT_UMCBL
2025-05-20 05:05:00,16.191,16.231,16.18,16.231,721.0,LINKUSDT_UMCBL
2025-05-20 05:10:00,16.231,16.266,16.223,16.25,11720.0,LINKUSDT_UMCBL
2025-05-20 05:15:00,16.25,16.275,16.25,16.269,7617.0,LINKUSDT_UMCBL
2025-05-20 05:20:00,16.269,16.269,16.235,16.239,1765.0,LINKUSDT_UMCBL
2025-05-20 05:25:00,16.239,16.279,16.239,16.27,2031.0,LINKUSDT_UMCBL
2025-05-20 05:30:00,16.27,16.276,16.249,16.261,6006.0,LINKUSDT_UMCBL
2025-05-20 05:35:00,16.261,16.297,16.232,16.283,1981.0,LINKUSDT_UMCBL
2025-05-20 05:40:00,16.283,16.296,16.232,16.249,42310.0,LINKUSDT_UMCBL
2025-05-20 05:45:00,16.249,16.256,16.217,16.253,2303.0,LINKUSDT_UMCBL
2025-05-20 05:50:00,16.253,16.258,16.206,16.225,41750.0,LINKUSDT_UMCBL
2025-05-20 05:55:00,16.225,16.233,16.173,16.177,1772.0,LINKUSDT_UMCBL
2025-05-20 06:00:00,16.177,16.224,16.16,16.16,3179.0,LINKUSDT_UMCBL
2025-05-20 06:05:00,16.16,16.16,16.084,16.106,7727.0,LINKUSDT_UMCBL
2025-05-20 06:10:00,16.106,16.107,16.085,16.095,10209.0,LINKUSDT_UMCBL
2025-05-20 06:15:00,16.095,16.129,16.072,16.113,16205.0,LINKUSDT_UMCBL
2025-05-20 06:20:00,16.113,16.113,16.041,16.105,2781.0,LINKUSDT_UMCBL
2025-05-20 06:25:00,16.105,16.105,16.023,16.046,2118.0,LINKUSDT_UMCBL
2025-05-20 06:30:00,16.046,16.068,16.003,16.03,4611.0,LINKUSDT_UMCBL
2025-05-20 06:35:00,16.03,16.068,16.028,16.068,3410.0,LINKUSDT_UMCBL
2025-05-20 06:40:00,16.068,16.068,16.04,16.067,1181.0,LINKUSDT_UMCBL
2025-05-20 06:45:00,16.067,16.175,16.067,16.142,29124.0,LINKUSDT_UMCBL
2025-05-20 06:50:00,16.142,16.146,16.119,16.12,7995.0,LINKUSDT_UMCBL
2025-05-20 06:55:00,16.12,16.131,16.105,16.105,1373.0,LINKUSDT_UMCBL
2025-05-20 07:00:00,16.105,16.139,16.048,16.048,1371.0,LINKUSDT_UMCBL
2025-05-20 07:05:00,16.048,16.107,15.984,16.079,9941.0,LINKUSDT_UMCBL
2025-05-20 07:10:00,16.079,16.134,16.079,16.109,4876.0,LINKUSDT_UMCBL
2025-05-20 07:15:00,16.109,16.114,16.036,16.045,3968.0,LINKUSDT_UMCBL
2025-05-20 07:20:00,16.045,16.053,16.01,16.034,3173.0,LINKUSDT_UMCBL
2025-05-20 07:25:00,16.034,16.034,15.988,15.988,11026.0,LINKUSDT_UMCBL
2025-05-20 07:30:00,15.988,16.012,15.96,15.964,2192.0,LINKUSDT_UMCBL
2025-05-20 07:35:00,15.964,15.964,15.932,15.932,7095.0,LINKUSDT_UMCBL
2025-05-20 07:40:00,15.932,15.957,15.924,15.955,4228.0,LINKUSDT_UMCBL
2025-05-20 07:45:00,15.955,15.955,15.897,15.918,4041.0,LINKUSDT_UMCBL
2025-05-20 07:50:00,15.918,15.973,15.918,15.942,3478.0,LINKUSDT_UMCBL
2025-05-20 07:55:00,15.942,15.974,15.942,15.944,1751.0,LINKUSDT_UMCBL
2025-05-20 08:00:00,15.944,16.016,15.944,15.97,3766.0,LINKUSDT_UMCBL
2025-05-20 08:05:00,15.97,16.019,15.97,15.97,1075.0,LINKUSDT_UMCBL
2025-05-20 08:10:00,15.97,15.988,15.865,15.876,2412.0,LINKUSDT_UMCBL
2025-05-20 08:15:00,15.876,15.921,15.859,15.921,4643.0,LINKUSDT_UMCBL
2025-05-20 08:20:00,15.921,15.926,15.883,15.91,2010.0,LINKUSDT_UMCBL
2025-05-20 08:25:00,15.91,15.918,15.869,15.869,3483.0,LINKUSDT_UMCBL
2025-05-20 08:30:00,15.869,15.896,15.862,15.894,2016.0,LINKUSDT_UMCBL
2025-05-20 08:35:00,15.894,15.917,15.856,15.876,2854.0,LINKUSDT_UMCBL
2025-05-20 08:40:00,15.876,15.955,15.87,15.951,2410.0,LINKUSDT_UMCBL
2025-05-20 08:45:00,15.951,15.994,15.951,15.981,1700.0,LINKUSDT_UMCBL
2025-05-20 08:50:00,15.981,15.981,15.94,15.945,2645.0,LINKUSDT_UMCBL
2025-05-20 08:55:00,15.945,15.984,15.944,15.977,1899.0,LINKUSDT_UMCBL
2025-05-20 09:00:00,15.977,16.019,15.961,16.013,3381.0,LINKUSDT_UMCBL
2025-05-20 09:05:00,16.013,16.032,15.992,16.001,97624.0,LINKUSDT_UMCBL
2025-05-20 09:10:00,16.001,16.005,15.959,15.959,44481.0,LINKUSDT_UMCBL
2025-05-20 09:15:00,15.959,15.975,15.9,15.9,6770.0,LINKUSDT_UMCBL
2025-05-20 09:20:00,15.9,15.911,15.873,15.886,3812.0,LINKUSDT_UMCBL
2025-05-20 09:25:00,15.886,15.886,15.841,15.859,3298.0,LINKUSDT_UMCBL
2025-05-20 09:30:00,15.859,15.898,15.857,15.89,4731.0,LINKUSDT_UMCBL
2025-05-20 09:35:00,15.89,15.908,15.889,15.901,6677.0,LINKUSDT_UMCBL
2025-05-20 09:40:00,15.901,15.906,15.886,15.89,210.0,LINKUSDT_UMCBL
2025-05-20 09:45:00,15.89,15.893,15.872,15.872,3442.0,LINKUSDT_UMCBL
2025-05-20 09:50:00,15.872,15.886,15.835,15.841,2825.0,LINKUSDT_UMCBL
2025-05-20 09:55:00,15.841,15.846,15.827,15.845,1915.0,LINKUSDT_UMCBL
2025-05-20 10:00:00,15.845,15.858,15.829,15.846,1119.0,LINKUSDT_UMCBL
2025-05-20 10:05:00,15.846,15.883,15.804,15.871,11990.0,LINKUSDT_UMCBL
2025-05-20 10:10:00,15.871,15.871,15.764,15.816,14054.0,LINKUSDT_UMCBL
2025-05-20 10:15:00,15.816,15.826,15.761,15.762,4462.0,LINKUSDT_UMCBL
2025-05-20 10:20:00,15.762,15.805,15.731,15.801,2843.0,LINKUSDT_UMCBL
2025-05-20 10:25:00,15.801,15.801,15.75,15.78,726.0,LINKUSDT_UMCBL
2025-05-20 10:30:00,15.78,15.78,15.713,15.731,13020.0,LINKUSDT_UMCBL
2025-05-20 10:35:00,15.731,15.769,15.726,15.726,3413.0,LINKUSDT_UMCBL
2025-05-20 10:40:00,15.726,15.759,15.71,15.755,6074.0,LINKUSDT_UMCBL
2025-05-20 10:45:00,15.755,15.772,15.684,15.726,18861.0,LINKUSDT_UMCBL
2025-05-20 10:50:00,15.726,15.74,15.717,15.734,3024.0,LINKUSDT_UMCBL
2025-05-20 10:55:00,15.734,15.748,15.706,15.732,3112.0,LINKUSDT_UMCBL
2025-05-20 11:00:00,15.732,15.732,15.68,15.684,906.0,LINKUSDT_UMCBL
2025-05-20 11:05:00,15.684,15.693,15.658,15.658,7669.0,LINKUSDT_UMCBL
2025-05-20 11:10:00,15.658,15.683,15.621,15.636,7528.0,LINKUSDT_UMCBL
2025-05-20 11:15:00,15.636,15.642,15.574,15.585,13037.0,LINKUSDT_UMCBL
2025-05-20 11:20:00,15.585,15.585,15.534,15.552,9440.0,LINKUSDT_UMCBL
2025-05-20 11:25:00,15.552,15.64,15.549,15.632,11103.0,LINKUSDT_UMCBL
2025-05-20 11:30:00,15.632,15.709,15.632,15.696,9262.0,LINKUSDT_UMCBL
2025-05-20 11:35:00,15.696,15.727,15.693,15.727,9221.0,LINKUSDT_UMCBL
2025-05-20 11:40:00,15.727,15.757,15.715,15.755,7139.0,LINKUSDT_UMCBL
2025-05-20 11:45:00,15.755,15.755,15.706,15.715,3423.0,LINKUSDT_UMCBL
2025-05-20 11:50:00,15.715,15.715,15.678,15.683,5888.0,LINKUSDT_UMCBL
2025-05-20 11:55:00,15.683,15.684,15.663,15.673,579.0,LINKUSDT_UMCBL
2025-05-20 12:00:00,15.673,15.673,15.609,15.614,4754.0,LINKUSDT_UMCBL
2025-05-20 12:05:00,15.614,15.626,15.592,15.603,14477.0,LINKUSDT_UMCBL
2025-05-20 12:10:00,15.603,15.623,15.594,15.614,2840.0,LINKUSDT_UMCBL
2025-05-20 12:15:00,15.614,15.644,15.611,15.615,3339.0,LINKUSDT_UMCBL
2025-05-20 12:20:00,15.615,15.621,15.561,15.564,10365.0,LINKUSDT_UMCBL
2025-05-20 12:25:00,15.564,15.589,15.552,15.56,7257.0,LINKUSDT_UMCBL
2025-05-20 12:30:00,15.56,15.58,15.523,15.531,8582.0,LINKUSDT_UMCBL
2025-05-20 12:35:00,15.531,15.532,15.462,15.483,12270.0,LINKUSDT_UMCBL
2025-05-20 12:40:00,15.483,15.502,15.457,15.502,2525.0,LINKUSDT_UMCBL
2025-05-20 12:45:00,15.502,15.526,15.483,15.512,4403.0,LINKUSDT_UMCBL
2025-05-20 12:50:00,15.512,15.57,15.5,15.55,11777.0,LINKUSDT_UMCBL
2025-05-20 12:55:00,15.55,15.554,15.518,15.536,5005.0,LINKUSDT_UMCBL
2025-05-20 13:00:00,15.536,15.587,15.534,15.578,5910.0,LINKUSDT_UMCBL
2025-05-20 13:05:00,15.578,15.578,15.502,15.52,13340.0,LINKUSDT_UMCBL
2025-05-20 13:10:00,15.52,15.551,15.515,15.52,1557.0,LINKUSDT_UMCBL
2025-05-20 13:15:00,15.52,15.565,15.514,15.529,1769.0,LINKUSDT_UMCBL
2025-05-20 13:20:00,15.529,15.592,15.529,15.556,9288.0,LINKUSDT_UMCBL
2025-05-20 13:25:00,15.556,15.582,15.533,15.533,1512.0,LINKUSDT_UMCBL
2025-05-20 13:30:00,15.533,15.585,15.511,15.568,5249.0,LINKUSDT_UMCBL
2025-05-20 13:35:00,15.568,15.568,15.436,15.56,37128.0,LINKUSDT_UMCBL
2025-05-20 13:40:00,15.56,15.56,15.484,15.486,3031.0,LINKUSDT_UMCBL
2025-05-20 13:45:00,15.486,15.509,15.44,15.454,2365.0,LINKUSDT_UMCBL
2025-05-20 13:50:00,15.454,15.542,15.42,15.542,16735.0,LINKUSDT_UMCBL
2025-05-20 13:55:00,15.542,15.554,15.484,15.49,11256.0,LINKUSDT_UMCBL
2025-05-20 14:00:00,15.49,15.507,15.445,15.494,55918.0,LINKUSDT_UMCBL
2025-05-20 14:05:00,15.494,15.552,15.477,15.498,14898.0,LINKUSDT_UMCBL
2025-05-20 14:10:00,15.498,15.523,15.454,15.454,19202.0,LINKUSDT_UMCBL
2025-05-20 14:15:00,15.454,15.54,15.454,15.537,5486.0,LINKUSDT_UMCBL
2025-05-20 14:20:00,15.537,15.588,15.536,15.561,15042.0,LINKUSDT_UMCBL
2025-05-20 14:25:00,15.561,15.561,15.465,15.465,7122.0,LINKUSDT_UMCBL
2025-05-20 14:30:00,15.465,15.503,15.449,15.464,14377.0,LINKUSDT_UMCBL
2025-05-20 14:35:00,15.464,15.482,15.428,15.482,1013.0,LINKUSDT_UMCBL
2025-05-20 14:40:00,15.482,15.519,15.474,15.517,1832.0,LINKUSDT_UMCBL
2025-05-20 14:45:00,15.517,15.553,15.511,15.527,20179.0,LINKUSDT_UMCBL
2025-05-20 14:50:00,15.527,15.527,15.449,15.472,6606.0,LINKUSDT_UMCBL
2025-05-20 14:55:00,15.472,15.48,15.443,15.443,403.0,LINKUSDT_UMCBL
2025-05-20 15:00:00,15.443,15.469,15.437,15.449,1766.0,LINKUSDT_UMCBL
2025-05-20 15:05:00,15.449,15.482,15.448,15.476,261.0,LINKUSDT_UMCBL
2025-05-20 15:10:00,15.476,15.509,15.457,15.505,709.0,LINKUSDT_UMCBL
2025-05-20 15:15:00,15.505,15.522,15.485,15.488,3775.0,LINKUSDT_UMCBL
2025-05-20 15:20:00,15.488,15.494,15.425,15.452,1351.0,LINKUSDT_UMCBL
2025-05-20 15:25:00,15.452,15.557,15.45,15.556,6678.0,LINKUSDT_UMCBL
2025-05-20 15:30:00,15.556,15.583,15.528,15.572,3380.0,LINKUSDT_UMCBL
2025-05-20 15:35:00,15.572,15.602,15.552,15.581,18393.0,LINKUSDT_UMCBL
2025-05-20 15:40:00,15.581,15.581,15.535,15.535,1990.0,LINKUSDT_UMCBL
2025-05-20 15:45:00,15.535,15.573,15.535,15.573,1575.0,LINKUSDT_UMCBL
2025-05-20 15:50:00,15.573,15.59,15.52,15.53,3663.0,LINKUSDT_UMCBL
2025-05-20 15:55:00,15.53,15.582,15.53,15.549,1615.0,LINKUSDT_UMCBL
2025-05-20 16:00:00,15.549,15.589,15.525,15.589,10735.0,LINKUSDT_UMCBL
2025-05-20 16:05:00,15.589,15.594,15.499,15.509,5709.0,LINKUSDT_UMCBL
2025-05-20 16:10:00,15.509,15.509,15.451,15.46,16069.0,LINKUSDT_UMCBL
2025-05-20 16:15:00,15.46,15.498,15.444,15.483,6234.0,LINKUSDT_UMCBL
2025-05-20 16:20:00,15.483,15.538,15.449,15.449,1906.0,LINKUSDT_UMCBL
2025-05-20 16:25:00,15.449,15.46,15.426,15.436,5955.0,LINKUSDT_UMCBL
2025-05-20 16:30:00,15.436,15.484,15.436,15.475,885.0,LINKUSDT_UMCBL
2025-05-20 16:35:00,15.475,15.509,15.464,15.506,1503.0,LINKUSDT_UMCBL
2025-05-20 16:40:00,15.506,15.527,15.478,15.487,1236.0,LINKUSDT_UMCBL
2025-05-20 16:45:00,15.487,15.525,15.487,15.501,1083.0,LINKUSDT_UMCBL
2025-05-20 16:50:00,15.501,15.501,15.451,15.451,647.0,LINKUSDT_UMCBL
2025-05-20 16:55:00,15.451,15.478,15.43,15.43,19699.0,LINKUSDT_UMCBL
2025-05-20 17:00:00,15.43,15.487,15.405,15.487,21105.0,LINKUSDT_UMCBL
2025-05-20 17:05:00,15.487,15.537,15.485,15.506,1073.0,LINKUSDT_UMCBL
2025-05-20 17:10:00,15.506,15.591,15.506,15.57,20961.0,LINKUSDT_UMCBL
2025-05-20 17:15:00,15.57,15.577,15.511,15.516,5596.0,LINKUSDT_UMCBL
2025-05-20 17:20:00,15.516,15.554,15.514,15.537,3426.0,LINKUSDT_UMCBL
2025-05-20 17:25:00,15.537,15.58,15.526,15.568,3866.0,LINKUSDT_UMCBL
2025-05-20 17:30:00,15.568,15.573,15.518,15.519,2412.0,LINKUSDT_UMCBL
2025-05-20 17:35:00,15.519,15.542,15.505,15.505,2518.0,LINKUSDT_UMCBL
2025-05-20 17:40:00,15.505,15.557,15.503,15.557,3218.0,LINKUSDT_UMCBL
2025-05-20 17:45:00,15.557,15.592,15.557,15.591,2942.0,LINKUSDT_UMCBL
2025-05-20 17:50:00,15.591,15.652,15.591,15.626,5827.0,LINKUSDT_UMCBL
2025-05-20 17:55:00,15.626,15.626,15.583,15.605,1827.0,LINKUSDT_UMCBL
2025-05-20 18:00:00,15.605,15.605,15.571,15.595,891.0,LINKUSDT_UMCBL
2025-05-20 18:05:00,15.595,15.626,15.59,15.595,2871.0,LINKUSDT_UMCBL
2025-05-20 18:10:00,15.595,15.623,15.593,15.594,1188.0,LINKUSDT_UMCBL
2025-05-20 18:15:00,15.594,15.602,15.516,15.527,4156.0,LINKUSDT_UMCBL
2025-05-20 18:20:00,15.527,15.533,15.434,15.438,9796.0,LINKUSDT_UMCBL
2025-05-20 18:25:00,15.438,15.473,15.377,15.389,10644.0,LINKUSDT_UMCBL
2025-05-20 18:30:00,15.389,15.416,15.346,15.416,9096.0,LINKUSDT_UMCBL
2025-05-20 18:35:00,15.416,15.461,15.415,15.432,1698.0,LINKUSDT_UMCBL
2025-05-20 18:40:00,15.432,15.432,15.365,15.376,1663.0,LINKUSDT_UMCBL
2025-05-20 18:45:00,15.376,15.382,15.288,15.294,10020.0,LINKUSDT_UMCBL
2025-05-20 18:50:00,15.294,15.315,15.261,15.306,16732.0,LINKUSDT_UMCBL
2025-05-20 18:55:00,15.306,15.306,15.25,15.281,6399.0,LINKUSDT_UMCBL
2025-05-20 19:00:00,15.281,15.284,15.25,15.258,4406.0,LINKUSDT_UMCBL
2025-05-20 19:05:00,15.258,15.337,15.258,15.337,4823.0,LINKUSDT_UMCBL
2025-05-20 19:10:00,15.337,15.355,15.32,15.337,3411.0,LINKUSDT_UMCBL
2025-05-20 19:15:00,15.337,15.372,15.316,15.368,3216.0,LINKUSDT_UMCBL
2025-05-20 19:20:00,15.368,15.435,15.368,15.433,16225.0,LINKUSDT_UMCBL
2025-05-20 19:25:00,15.433,15.46,15.422,15.46,4057.0,LINKUSDT_UMCBL
2025-05-20 19:30:00,15.46,15.517,15.451,15.51,6289.0,LINKUSDT_UMCBL
2025-05-20 19:35:00,15.51,15.511,15.47,15.472,1033.0,LINKUSDT_UMCBL
2025-05-20 19:40:00,15.472,15.514,15.472,15.514,1853.0,LINKUSDT_UMCBL
2025-05-20 19:45:00,15.514,15.558,15.502,15.553,1522.0,LINKUSDT_UMCBL
2025-05-20 19:50:00,15.553,15.595,15.551,15.583,3526.0,LINKUSDT_UMCBL
2025-05-20 19:55:00,15.583,15.683,15.579,15.613,6460.0,LINKUSDT_UMCBL
2025-05-20 20:00:00,15.613,15.613,15.507,15.54,9603.0,LINKUSDT_UMCBL
2025-05-20 20:05:00,15.54,15.56,15.531,15.56,3789.0,LINKUSDT_UMCBL
2025-05-20 20:10:00,15.56,15.623,15.56,15.571,4673.0,LINKUSDT_UMCBL
2025-05-20 20:15:00,15.571,15.61,15.515,15.601,2849.0,LINKUSDT_UMCBL
2025-05-20 20:20:00,15.601,15.606,15.559,15.559,2223.0,LINKUSDT_UMCBL
2025-05-20 20:25:00,15.559,15.571,15.537,15.571,213.0,LINKUSDT_UMCBL
2025-05-20 20:30:00,15.571,15.586,15.56,15.583,987.0,LINKUSDT_UMCBL
2025-05-20 20:35:00,15.583,15.652,15.576,15.603,2352.0,LINKUSDT_UMCBL
2025-05-20 20:40:00,15.603,15.634,15.597,15.629,2679.0,LINKUSDT_UMCBL
2025-05-20 20:45:00,15.629,15.742,15.629,15.734,6289.0,LINKUSDT_UMCBL
2025-05-20 20:50:00,15.734,15.743,15.691,15.694,5689.0,LINKUSDT_UMCBL
2025-05-20 20:55:00,15.694,15.706,15.673,15.689,2871.0,LINKUSDT_UMCBL
2025-05-20 21:00:00,15.689,15.774,15.689,15.759,3609.0,LINKUSDT_UMCBL
2025-05-20 21:05:00,15.759,15.821,15.744,15.821,2165.0,LINKUSDT_UMCBL
2025-05-20 21:10:00,15.821,15.821,15.659,15.66,2435.0,LINKUSDT_UMCBL
2025-05-20 21:15:00,15.66,15.7,15.66,15.681,1401.0,LINKUSDT_UMCBL
2025-05-20 21:20:00,15.681,15.75,15.661,15.732,648.0,LINKUSDT_UMCBL
2025-05-20 21:25:00,15.732,15.758,15.63,15.63,2302.0,LINKUSDT_UMCBL
2025-05-20 21:30:00,15.63,15.668,15.584,15.657,6119.0,LINKUSDT_UMCBL
2025-05-20 21:35:00,15.657,15.698,15.643,15.667,5637.0,LINKUSDT_UMCBL
2025-05-20 21:40:00,15.667,15.677,15.638,15.66,1122.0,LINKUSDT_UMCBL
2025-05-20 21:45:00,15.66,15.705,15.66,15.704,1729.0,LINKUSDT_UMCBL
2025-05-20 21:50:00,15.704,15.733,15.704,15.733,7295.0,LINKUSDT_UMCBL
2025-05-20 21:55:00,15.733,15.759,15.71,15.712,8509.0,LINKUSDT_UMCBL
2025-05-20 22:00:00,15.712,15.757,15.688,15.688,5382.0,LINKUSDT_UMCBL
2025-05-20 22:05:00,15.688,15.688,15.642,15.654,9642.0,LINKUSDT_UMCBL
2025-05-20 22:10:00,15.654,15.684,15.609,15.628,22645.0,LINKUSDT_UMCBL
2025-05-20 22:15:00,15.628,15.628,15.58,15.586,2327.0,LINKUSDT_UMCBL
2025-05-20 22:20:00,15.586,15.586,15.528,15.545,3576.0,LINKUSDT_UMCBL
2025-05-20 22:25:00,15.545,15.599,15.545,15.599,2159.0,LINKUSDT_UMCBL
2025-05-20 22:30:00,15.599,15.605,15.568,15.576,1255.0,LINKUSDT_UMCBL
2025-05-20 22:35:00,15.576,15.576,15.534,15.558,977.0,LINKUSDT_UMCBL
2025-05-20 22:40:00,15.558,15.622,15.538,15.62,1560.0,LINKUSDT_UMCBL
2025-05-20 22:45:00,15.62,15.626,15.608,15.614,1512.0,LINKUSDT_UMCBL
2025-05-20 22:50:00,15.614,15.624,15.605,15.615,1462.0,LINKUSDT_UMCBL
2025-05-20 22:55:00,15.615,15.661,15.615,15.657,632.0,LINKUSDT_UMCBL
2025-05-20 23:00:00,15.657,15.657,15.628,15.637,2078.0,LINKUSDT_UMCBL
2025-05-20 23:05:00,15.637,15.68,15.637,15.656,6069.0,LINKUSDT_UMCBL
2025-05-20 23:10:00,15.656,15.73,15.656,15.728,596.0,LINKUSDT_UMCBL
2025-05-20 23:15:00,15.728,15.81,15.728,15.794,2281.0,LINKUSDT_UMCBL
2025-05-20 23:20:00,15.794,15.811,15.764,15.769,9898.0,LINKUSDT_UMCBL
2025-05-20 23:25:00,15.769,15.789,15.765,15.787,4151.0,LINKUSDT_UMCBL
2025-05-20 23:30:00,15.787,15.794,15.74,15.74,2754.0,LINKUSDT_UMCBL
2025-05-20 23:35:00,15.74,15.746,15.681,15.697,1428.0,LINKUSDT_UMCBL
2025-05-20 23:40:00,15.697,15.703,15.676,15.679,3524.0,LINKUSDT_UMCBL
2025-05-20 23:45:00,15.679,15.708,15.644,15.708,3869.0,LINKUSDT_UMCBL
2025-05-20 23:50:00,15.708,15.718,15.677,15.677,2226.0,LINKUSDT_UMCBL
2025-05-20 23:55:00,15.677,15.703,15.677,15.699,507.0,LINKUSDT_UMCBL
2025-05-21 00:00:00,15.699,15.751,15.699,15.742,2718.0,LINKUSDT_UMCBL
2025-05-21 00:05:00,15.742,15.742,15.675,15.716,4146.0,LINKUSDT_UMCBL
2025-05-21 00:10:00,15.716,15.772,15.709,15.772,2443.0,LINKUSDT_UMCBL
2025-05-21 00:15:00,15.772,15.801,15.691,15.701,1709.0,LINKUSDT_UMCBL
2025-05-21 00:20:00,15.701,15.701,15.657,15.685,3332.0,LINKUSDT_UMCBL
2025-05-21 00:25:00,15.685,15.715,15.685,15.703,458.0,LINKUSDT_UMCBL
2025-05-21 00:30:00,15.703,15.763,15.701,15.701,973.0,LINKUSDT_UMCBL
2025-05-21 00:35:00,15.701,15.703,15.629,15.643,3355.0,LINKUSDT_UMCBL
2025-05-21 00:40:00,15.643,15.666,15.639,15.657,2198.0,LINKUSDT_UMCBL
2025-05-21 00:45:00,15.657,15.731,15.655,15.706,2778.0,LINKUSDT_UMCBL
2025-05-21 00:50:00,15.706,15.713,15.674,15.699,2485.0,LINKUSDT_UMCBL
2025-05-21 00:55:00,15.699,15.699,15.663,15.675,631.0,LINKUSDT_UMCBL
2025-05-21 01:00:00,15.675,15.68,15.655,15.666,170.0,LINKUSDT_UMCBL
2025-05-21 01:05:00,15.666,15.744,15.659,15.744,4720.0,LINKUSDT_UMCBL
2025-05-21 01:10:00,15.744,15.796,15.728,15.735,1871.0,LINKUSDT_UMCBL
2025-05-21 01:15:00,15.735,15.744,15.7,15.712,996.0,LINKUSDT_UMCBL
2025-05-21 01:20:00,15.712,15.731,15.658,15.658,531.0,LINKUSDT_UMCBL
2025-05-21 01:25:00,15.658,15.684,15.658,15.684,856.0,LINKUSDT_UMCBL
2025-05-21 01:30:00,15.684,15.724,15.684,15.724,674.0,LINKUSDT_UMCBL
2025-05-21 01:35:00,15.724,15.749,15.702,15.719,1787.0,LINKUSDT_UMCBL
2025-05-21 01:40:00,15.719,15.743,15.709,15.709,1020.0,LINKUSDT_UMCBL
2025-05-21 01:45:00,15.709,15.709,15.678,15.694,1028.0,LINKUSDT_UMCBL
2025-05-21 01:50:00,15.694,15.711,15.674,15.674,243.0,LINKUSDT_UMCBL
2025-05-21 01:55:00,15.674,15.676,15.621,15.634,1460.0,LINKUSDT_UMCBL
2025-05-21 02:00:00,15.634,15.638,15.575,15.58,7892.0,LINKUSDT_UMCBL
2025-05-21 02:05:00,15.58,15.588,15.526,15.541,9262.0,LINKUSDT_UMCBL
2025-05-21 02:10:00,15.541,15.587,15.532,15.585,5268.0,LINKUSDT_UMCBL
2025-05-21 02:15:00,15.585,15.63,15.584,15.593,1244.0,LINKUSDT_UMCBL
2025-05-21 02:20:00,15.593,15.638,15.588,15.637,958.0,LINKUSDT_UMCBL
2025-05-21 02:25:00,15.637,15.661,15.637,15.644,2184.0,LINKUSDT_UMCBL
2025-05-21 02:30:00,15.644,15.753,15.644,15.749,3073.0,LINKUSDT_UMCBL
2025-05-21 02:35:00,15.749,15.778,15.736,15.767,5211.0,LINKUSDT_UMCBL
2025-05-21 02:40:00,15.767,15.77,15.726,15.741,2757.0,LINKUSDT_UMCBL
2025-05-21 02:45:00,15.741,15.772,15.731,15.731,12832.0,LINKUSDT_UMCBL
2025-05-21 02:50:00,15.731,15.779,15.725,15.779,1764.0,LINKUSDT_UMCBL
2025-05-21 02:55:00,15.779,15.797,15.776,15.787,2906.0,LINKUSDT_UMCBL
2025-05-21 03:00:00,15.787,15.807,15.775,15.785,2722.0,LINKUSDT_UMCBL
2025-05-21 03:05:00,15.785,15.821,15.756,15.821,792.0,LINKUSDT_UMCBL
2025-05-21 03:10:00,15.821,15.871,15.821,15.86,2682.0,LINKUSDT_UMCBL
2025-05-21 03:15:00,15.86,15.894,15.845,15.851,6906.0,LINKUSDT_UMCBL
2025-05-21 03:20:00,15.851,15.871,15.832,15.853,1732.0,LINKUSDT_UMCBL
2025-05-21 03:25:00,15.853,15.9,15.848,15.898,8063.0,LINKUSDT_UMCBL
2025-05-21 03:30:00,15.898,15.907,15.861,15.907,1617.0,LINKUSDT_UMCBL
2025-05-21 03:35:00,15.907,15.935,15.862,15.932,3522.0,LINKUSDT_UMCBL
2025-05-21 03:40:00,15.932,15.934,15.858,15.883,2582.0,LINKUSDT_UMCBL
2025-05-21 03:45:00,15.883,15.937,15.883,15.903,971.0,LINKUSDT_UMCBL
2025-05-21 03:50:00,15.903,15.915,15.857,15.857,5197.0,LINKUSDT_UMCBL
2025-05-21 03:55:00,15.857,15.883,15.838,15.874,3477.0,LINKUSDT_UMCBL
2025-05-21 04:00:00,15.874,15.876,15.833,15.834,4844.0,LINKUSDT_UMCBL
2025-05-21 04:05:00,15.834,15.912,15.834,15.903,1506.0,LINKUSDT_UMCBL
2025-05-21 04:10:00,15.903,15.923,15.866,15.866,1335.0,LINKUSDT_UMCBL
2025-05-21 04:15:00,15.866,15.881,15.852,15.881,899.0,LINKUSDT_UMCBL
2025-05-21 04:20:00,15.881,15.881,15.836,15.847,865.0,LINKUSDT_UMCBL
2025-05-21 04:25:00,15.847,15.873,15.842,15.842,879.0,LINKUSDT_UMCBL
2025-05-21 04:30:00,15.842,15.861,15.801,15.829,3539.0,LINKUSDT_UMCBL
2025-05-21 04:35:00,15.829,15.984,15.829,15.981,8864.0,LINKUSDT_UMCBL
2025-05-21 04:40:00,15.981,16.006,15.938,15.978,18981.0,LINKUSDT_UMCBL
2025-05-21 04:45:00,15.978,15.997,15.933,15.938,19331.0,LINKUSDT_UMCBL
2025-05-21 04:50:00,15.938,15.938,15.898,15.908,7500.0,LINKUSDT_UMCBL
2025-05-21 04:55:00,15.908,15.908,15.886,15.897,3670.0,LINKUSDT_UMCBL
2025-05-21 05:00:00,15.897,15.955,15.888,15.931,2164.0,LINKUSDT_UMCBL
2025-05-21 05:05:00,15.931,15.957,15.91,15.911,5268.0,LINKUSDT_UMCBL
2025-05-21 05:10:00,15.911,15.95,15.892,15.923,10995.0,LINKUSDT_UMCBL
2025-05-21 05:15:00,15.923,16.007,15.923,16.007,6091.0,LINKUSDT_UMCBL
2025-05-21 05:20:00,16.007,16.033,15.975,16.024,3236.0,LINKUSDT_UMCBL
2025-05-21 05:25:00,16.024,16.049,16.022,16.037,4553.0,LINKUSDT_UMCBL
2025-05-21 05:30:00,16.037,16.087,16.037,16.079,6672.0,LINKUSDT_UMCBL
2025-05-21 05:35:00,16.079,16.079,15.992,15.992,4433.0,LINKUSDT_UMCBL
2025-05-21 05:40:00,15.992,16.013,15.98,16.013,6718.0,LINKUSDT_UMCBL
2025-05-21 05:45:00,16.013,16.024,15.99,16.012,5117.0,LINKUSDT_UMCBL
2025-05-21 05:50:00,16.012,16.052,15.982,16.047,3919.0,LINKUSDT_UMCBL
2025-05-21 05:55:00,16.047,16.067,16.029,16.029,3912.0,LINKUSDT_UMCBL
2025-05-21 06:00:00,16.029,16.051,16.013,16.034,1537.0,LINKUSDT_UMCBL
2025-05-21 06:05:00,16.034,16.05,15.978,15.98,3401.0,LINKUSDT_UMCBL
2025-05-21 06:10:00,15.98,15.981,15.854,15.9,13661.0,LINKUSDT_UMCBL
2025-05-21 06:15:00,15.9,15.932,15.855,15.928,5223.0,LINKUSDT_UMCBL
2025-05-21 06:20:00,15.928,15.956,15.921,15.943,1563.0,LINKUSDT_UMCBL
2025-05-21 06:25:00,15.943,16.015,15.943,16.012,6377.0,LINKUSDT_UMCBL
2025-05-21 06:30:00,16.012,16.029,15.99,16.029,2603.0,LINKUSDT_UMCBL
2025-05-21 06:35:00,16.029,16.058,15.985,15.997,4497.0,LINKUSDT_UMCBL
2025-05-21 06:40:00,15.997,16.06,15.995,16.047,1731.0,LINKUSDT_UMCBL
2025-05-21 06:45:00,16.047,16.075,15.997,15.997,3243.0,LINKUSDT_UMCBL
2025-05-21 06:50:00,15.997,16.048,15.997,16.048,2977.0,LINKUSDT_UMCBL
2025-05-21 06:55:00,16.048,16.048,16.014,16.027,372.0,LINKUSDT_UMCBL
2025-05-21 07:00:00,16.027,16.056,16.004,16.005,5338.0,LINKUSDT_UMCBL
2025-05-21 07:05:00,16.005,16.018,15.989,16.012,686.0,LINKUSDT_UMCBL
2025-05-21 07:10:00,16.012,16.012,15.941,15.968,5041.0,LINKUSDT_UMCBL
2025-05-21 07:15:00,15.968,15.968,15.874,15.942,5791.0,LINKUSDT_UMCBL
2025-05-21 07:20:00,15.942,15.942,15.827,15.833,3789.0,LINKUSDT_UMCBL
2025-05-21 07:25:00,15.833,15.901,15.808,15.885,6687.0,LINKUSDT_UMCBL
2025-05-21 07:30:00,15.885,15.902,15.834,15.902,3446.0,LINKUSDT_UMCBL
2025-05-21 07:35:00,15.902,15.922,15.817,15.821,2743.0,LINKUSDT_UMCBL
2025-05-21 07:40:00,15.821,15.851,15.809,15.835,8682.0,LINKUSDT_UMCBL
2025-05-21 07:45:00,15.835,15.88,15.802,15.88,11785.0,LINKUSDT_UMCBL
2025-05-21 07:50:00,15.88,15.909,15.877,15.88,4685.0,LINKUSDT_UMCBL
2025-05-21 07:55:00,15.88,15.886,15.848,15.85,10046.0,LINKUSDT_UMCBL
2025-05-21 08:00:00,15.85,15.89,15.85,15.89,4321.0,LINKUSDT_UMCBL
2025-05-21 08:05:00,15.89,15.911,15.888,15.896,1429.0,LINKUSDT_UMCBL
2025-05-21 08:10:00,15.896,15.942,15.896,15.94,6035.0,LINKUSDT_UMCBL
2025-05-21 08:15:00,15.94,15.94,15.88,15.91,8148.0,LINKUSDT_UMCBL
2025-05-21 08:20:00,15.91,15.91,15.851,15.852,6908.0,LINKUSDT_UMCBL
2025-05-21 08:25:00,15.852,15.874,15.844,15.851,7583.0,LINKUSDT_UMCBL
2025-05-21 08:30:00,15.851,15.858,15.769,15.779,12256.0,LINKUSDT_UMCBL
2025-05-21 08:35:00,15.779,15.806,15.764,15.783,2233.0,LINKUSDT_UMCBL
2025-05-21 08:40:00,15.783,15.792,15.751,15.777,4340.0,LINKUSDT_UMCBL
2025-05-21 08:45:00,15.777,15.783,15.744,15.764,13134.0,LINKUSDT_UMCBL
2025-05-21 08:50:00,15.764,15.772,15.739,15.752,6845.0,LINKUSDT_UMCBL
2025-05-21 08:55:00,15.752,15.777,15.722,15.722,2213.0,LINKUSDT_UMCBL
2025-05-21 09:00:00,15.722,15.762,15.698,15.761,10722.0,LINKUSDT_UMCBL
2025-05-21 09:05:00,15.761,15.767,15.661,15.717,19024.0,LINKUSDT_UMCBL
2025-05-21 09:10:00,15.717,15.723,15.686,15.695,760.0,LINKUSDT_UMCBL
2025-05-21 09:15:00,15.695,15.702,15.657,15.658,4216.0,LINKUSDT_UMCBL
2025-05-21 09:20:00,15.658,15.712,15.658,15.712,538.0,LINKUSDT_UMCBL
2025-05-21 09:25:00,15.712,15.712,15.677,15.698,2886.0,LINKUSDT_UMCBL
2025-05-21 09:30:00,15.698,15.698,15.66,15.67,1919.0,LINKUSDT_UMCBL
2025-05-21 09:35:00,15.67,15.703,15.67,15.703,842.0,LINKUSDT_UMCBL
2025-05-21 09:40:00,15.703,15.703,15.612,15.614,7233.0,LINKUSDT_UMCBL
2025-05-21 09:45:00,15.614,15.648,15.614,15.622,2449.0,LINKUSDT_UMCBL
2025-05-21 09:50:00,15.622,15.662,15.621,15.658,624.0,LINKUSDT_UMCBL
2025-05-21 09:55:00,15.658,15.661,15.651,15.657,488.0,LINKUSDT_UMCBL
2025-05-21 10:00:00,15.657,15.669,15.625,15.669,2348.0,LINKUSDT_UMCBL
2025-05-21 10:05:00,15.669,15.669,15.616,15.642,12335.0,LINKUSDT_UMCBL
2025-05-21 10:10:00,15.642,15.684,15.632,15.675,7142.0,LINKUSDT_UMCBL
2025-05-21 10:15:00,15.675,15.675,15.642,15.646,7131.0,LINKUSDT_UMCBL
2025-05-21 10:20:00,15.646,15.646,15.587,15.592,10991.0,LINKUSDT_UMCBL
2025-05-21 10:25:00,15.592,15.615,15.591,15.614,1909.0,LINKUSDT_UMCBL
2025-05-21 10:30:00,15.614,15.662,15.61,15.662,2189.0,LINKUSDT_UMCBL
2025-05-21 10:35:00,15.662,15.804,15.662,15.804,12302.0,LINKUSDT_UMCBL
2025-05-21 10:40:00,15.804,15.849,15.772,15.849,7473.0,LINKUSDT_UMCBL
2025-05-21 10:45:00,15.849,15.889,15.805,15.887,24603.0,LINKUSDT_UMCBL
2025-05-21 10:50:00,15.887,15.937,15.881,15.918,34246.0,LINKUSDT_UMCBL
2025-05-21 10:55:00,15.918,15.931,15.876,15.903,4265.0,LINKUSDT_UMCBL
2025-05-21 11:00:00,15.903,16.002,15.903,16.0,9031.0,LINKUSDT_UMCBL
2025-05-21 11:05:00,16.0,16.147,15.981,16.147,6677.0,LINKUSDT_UMCBL
2025-05-21 11:10:00,16.147,16.217,16.12,16.159,24554.0,LINKUSDT_UMCBL
2025-05-21 11:15:00,16.159,16.213,16.113,16.194,7510.0,LINKUSDT_UMCBL
2025-05-21 11:20:00,16.194,16.246,16.185,16.188,9160.0,LINKUSDT_UMCBL
2025-05-21 11:25:00,16.188,16.21,16.138,16.141,6580.0,LINKUSDT_UMCBL
2025-05-21 11:30:00,16.141,16.153,16.035,16.035,12937.0,LINKUSDT_UMCBL
2025-05-21 11:35:00,16.035,16.046,15.977,16.0,8420.0,LINKUSDT_UMCBL
2025-05-21 11:40:00,16.0,16.016,15.952,15.952,3427.0,LINKUSDT_UMCBL
2025-05-21 11:45:00,15.952,15.963,15.879,15.945,11162.0,LINKUSDT_UMCBL
2025-05-21 11:50:00,15.945,15.97,15.912,15.921,2953.0,LINKUSDT_UMCBL
2025-05-21 11:55:00,15.921,15.929,15.865,15.883,1242.0,LINKUSDT_UMCBL
2025-05-21 12:00:00,15.883,15.894,15.817,15.817,12784.0,LINKUSDT_UMCBL
2025-05-21 12:05:00,15.817,15.829,15.773,15.776,9947.0,LINKUSDT_UMCBL
2025-05-21 12:10:00,15.776,15.857,15.776,15.844,4111.0,LINKUSDT_UMCBL
2025-05-21 12:15:00,15.844,15.875,15.84,15.84,9075.0,LINKUSDT_UMCBL
2025-05-21 12:20:00,15.84,15.842,15.8,15.813,4045.0,LINKUSDT_UMCBL
2025-05-21 12:25:00,15.813,15.883,15.813,15.856,9987.0,LINKUSDT_UMCBL
2025-05-21 12:30:00,15.856,15.856,15.777,15.777,8273.0,LINKUSDT_UMCBL
2025-05-21 12:35:00,15.777,15.801,15.775,15.799,3747.0,LINKUSDT_UMCBL
2025-05-21 12:40:00,15.799,15.799,15.75,15.766,3044.0,LINKUSDT_UMCBL
2025-05-21 12:45:00,15.766,15.766,15.707,15.734,12151.0,LINKUSDT_UMCBL
2025-05-21 12:50:00,15.734,15.762,15.7,15.7,5052.0,LINKUSDT_UMCBL
2025-05-21 12:55:00,15.7,15.717,15.694,15.711,6377.0,LINKUSDT_UMCBL
2025-05-21 13:00:00,15.711,15.73,15.692,15.692,6837.0,LINKUSDT_UMCBL
2025-05-21 13:05:00,15.692,15.692,15.652,15.663,7998.0,LINKUSDT_UMCBL
2025-05-21 13:10:00,15.663,15.667,15.625,15.641,6020.0,LINKUSDT_UMCBL
2025-05-21 13:15:00,15.641,15.686,15.641,15.686,5480.0,LINKUSDT_UMCBL
2025-05-21 13:20:00,15.686,15.705,15.67,15.675,5334.0,LINKUSDT_UMCBL
2025-05-21 13:25:00,15.675,15.712,15.675,15.706,1812.0,LINKUSDT_UMCBL
2025-05-21 13:30:00,15.706,15.792,15.706,15.774,7220.0,LINKUSDT_UMCBL
2025-05-21 13:35:00,15.774,15.8,15.753,15.782,3669.0,LINKUSDT_UMCBL
2025-05-21 13:40:00,15.782,15.854,15.751,15.848,8413.0,LINKUSDT_UMCBL
2025-05-21 13:45:00,15.848,15.866,15.797,15.824,6299.0,LINKUSDT_UMCBL
2025-05-21 13:50:00,15.824,15.878,15.809,15.825,6265.0,LINKUSDT_UMCBL
2025-05-21 13:55:00,15.825,15.912,15.792,15.8,8987.0,LINKUSDT_UMCBL
2025-05-21 14:00:00,15.8,15.87,15.777,15.858,9113.0,LINKUSDT_UMCBL
2025-05-21 14:05:00,15.858,15.896,15.831,15.839,1895.0,LINKUSDT_UMCBL
2025-05-21 14:10:00,15.839,15.882,15.817,15.87,2090.0,LINKUSDT_UMCBL
2025-05-21 14:15:00,15.87,15.992,15.849,15.978,11013.0,LINKUSDT_UMCBL
2025-05-21 14:20:00,15.978,16.001,15.94,15.951,7512.0,LINKUSDT_UMCBL
2025-05-21 14:25:00,15.951,15.951,15.867,15.883,3446.0,LINKUSDT_UMCBL
2025-05-21 14:30:00,15.883,15.904,15.757,15.762,9281.0,LINKUSDT_UMCBL
2025-05-21 14:35:00,15.762,15.845,15.762,15.845,8452.0,LINKUSDT_UMCBL
2025-05-21 14:40:00,15.845,15.9,15.845,15.882,1872.0,LINKUSDT_UMCBL
2025-05-21 14:45:00,15.882,15.93,15.851,15.93,9751.0,LINKUSDT_UMCBL
2025-05-21 14:50:00,15.93,16.026,15.919,15.953,12093.0,LINKUSDT_UMCBL
2025-05-21 14:55:00,15.953,16.076,15.953,16.076,12290.0,LINKUSDT_UMCBL
2025-05-21 15:00:00,16.076,16.131,15.924,16.089,19560.0,LINKUSDT_UMCBL
2025-05-21 15:05:00,16.089,16.175,16.089,16.13,11741.0,LINKUSDT_UMCBL
2025-05-21 15:10:00,16.13,16.143,16.009,16.024,10006.0,LINKUSDT_UMCBL
2025-05-21 15:15:00,16.024,16.119,16.024,16.071,7168.0,LINKUSDT_UMCBL
2025-05-21 15:20:00,16.071,16.147,16.065,16.147,12281.0,LINKUSDT_UMCBL
2025-05-21 15:25:00,16.147,16.17,16.102,16.109,6531.0,LINKUSDT_UMCBL
2025-05-21 15:30:00,16.109,16.144,16.089,16.089,5104.0,LINKUSDT_UMCBL
2025-05-21 15:35:00,16.089,16.104,15.983,16.013,25131.0,LINKUSDT_UMCBL
2025-05-21 15:40:00,16.013,16.102,16.0,16.102,4894.0,LINKUSDT_UMCBL
2025-05-21 15:45:00,16.102,16.124,16.03,16.043,2228.0,LINKUSDT_UMCBL
2025-05-21 15:50:00,16.043,16.132,16.04,16.132,3422.0,LINKUSDT_UMCBL
2025-05-21 15:55:00,16.132,16.153,16.1,16.113,4791.0,LINKUSDT_UMCBL
2025-05-21 16:00:00,16.113,16.186,16.113,16.154,7114.0,LINKUSDT_UMCBL
2025-05-21 16:05:00,16.154,16.155,16.108,16.137,1661.0,LINKUSDT_UMCBL
2025-05-21 16:10:00,16.137,16.162,16.108,16.162,2452.0,LINKUSDT_UMCBL
2025-05-21 16:15:00,16.162,16.207,16.147,16.191,5218.0,LINKUSDT_UMCBL
2025-05-21 16:20:00,16.191,16.231,16.152,16.23,10085.0,LINKUSDT_UMCBL
2025-05-21 16:25:00,16.23,16.291,16.23,16.269,32868.0,LINKUSDT_UMCBL
2025-05-21 16:30:00,16.269,16.355,16.254,16.354,28420.0,LINKUSDT_UMCBL
2025-05-21 16:35:00,16.354,16.427,16.332,16.395,22655.0,LINKUSDT_UMCBL
2025-05-21 16:40:00,16.395,16.47,16.392,16.47,10543.0,LINKUSDT_UMCBL
2025-05-21 16:45:00,16.47,16.497,16.427,16.459,34084.0,LINKUSDT_UMCBL
2025-05-21 16:50:00,16.459,16.461,16.382,16.394,17463.0,LINKUSDT_UMCBL
2025-05-21 16:55:00,16.394,16.411,16.249,16.264,14716.0,LINKUSDT_UMCBL
2025-05-21 17:00:00,16.264,16.352,16.259,16.287,5823.0,LINKUSDT_UMCBL
2025-05-21 17:05:00,16.287,16.315,16.197,16.197,9926.0,LINKUSDT_UMCBL
2025-05-21 17:10:00,16.197,16.218,16.128,16.208,12973.0,LINKUSDT_UMCBL
2025-05-21 17:15:00,16.208,16.212,15.981,16.019,14420.0,LINKUSDT_UMCBL
2025-05-21 17:20:00,16.019,16.052,15.789,15.805,36536.0,LINKUSDT_UMCBL
2025-05-21 17:25:00,15.805,15.806,15.63,15.641,27705.0,LINKUSDT_UMCBL
2025-05-21 17:30:00,15.641,15.851,15.564,15.834,17520.0,LINKUSDT_UMCBL
2025-05-21 17:35:00,15.834,15.839,15.707,15.821,10567.0,LINKUSDT_UMCBL
2025-05-21 17:40:00,15.821,15.827,15.667,15.679,5776.0,LINKUSDT_UMCBL
2025-05-21 17:45:00,15.679,15.761,15.635,15.686,6808.0,LINKUSDT_UMCBL
2025-05-21 17:50:00,15.686,15.738,15.584,15.585,7900.0,LINKUSDT_UMCBL
2025-05-21 17:55:00,15.585,15.645,15.542,15.645,22528.0,LINKUSDT_UMCBL
2025-05-21 18:00:00,15.645,15.691,15.568,15.64,4926.0,LINKUSDT_UMCBL
2025-05-21 18:05:00,15.64,15.801,15.635,15.801,6893.0,LINKUSDT_UMCBL
2025-05-21 18:10:00,15.801,15.802,15.716,15.736,4157.0,LINKUSDT_UMCBL
2025-05-21 18:15:00,15.736,15.818,15.736,15.748,1915.0,LINKUSDT_UMCBL
2025-05-21 18:20:00,15.748,15.748,15.671,15.7,11193.0,LINKUSDT_UMCBL
2025-05-21 18:25:00,15.7,15.739,15.673,15.673,953.0,LINKUSDT_UMCBL
2025-05-21 18:30:00,15.673,15.74,15.673,15.72,3609.0,LINKUSDT_UMCBL
2025-05-21 18:35:00,15.72,15.774,15.708,15.743,2107.0,LINKUSDT_UMCBL
2025-05-21 18:40:00,15.743,15.888,15.733,15.879,22971.0,LINKUSDT_UMCBL
2025-05-21 18:45:00,15.879,15.887,15.748,15.748,24902.0,LINKUSDT_UMCBL
2025-05-21 18:50:00,15.748,15.779,15.706,15.706,4588.0,LINKUSDT_UMCBL
2025-05-21 18:55:00,15.706,15.706,15.669,15.684,2200.0,LINKUSDT_UMCBL
2025-05-21 19:00:00,15.684,15.775,15.684,15.763,7034.0,LINKUSDT_UMCBL
2025-05-21 19:05:00,15.763,15.772,15.621,15.625,11980.0,LINKUSDT_UMCBL
2025-05-21 19:10:00,15.625,15.683,15.609,15.676,5860.0,LINKUSDT_UMCBL
2025-05-21 19:15:00,15.676,15.676,15.617,15.632,3091.0,LINKUSDT_UMCBL
2025-05-21 19:20:00,15.632,15.672,15.617,15.66,2581.0,LINKUSDT_UMCBL
2025-05-21 19:25:00,15.66,15.693,15.634,15.69,2390.0,LINKUSDT_UMCBL
2025-05-21 19:30:00,15.69,15.776,15.69,15.767,1639.0,LINKUSDT_UMCBL
2025-05-21 19:35:00,15.767,15.866,15.748,15.866,2890.0,LINKUSDT_UMCBL
2025-05-21 19:40:00,15.866,15.892,15.844,15.85,5428.0,LINKUSDT_UMCBL
2025-05-21 19:45:00,15.85,15.921,15.831,15.921,3743.0,LINKUSDT_UMCBL
2025-05-21 19:50:00,15.921,15.972,15.902,15.902,5332.0,LINKUSDT_UMCBL
2025-05-21 19:55:00,15.902,15.979,15.902,15.963,1413.0,LINKUSDT_UMCBL
2025-05-21 20:00:00,15.963,15.985,15.935,15.938,3146.0,LINKUSDT_UMCBL
2025-05-21 20:05:00,15.938,15.975,15.912,15.916,640.0,LINKUSDT_UMCBL
2025-05-21 20:10:00,15.916,15.924,15.864,15.876,1833.0,LINKUSDT_UMCBL
2025-05-21 20:15:00,15.876,15.953,15.876,15.949,1847.0,LINKUSDT_UMCBL
2025-05-21 20:20:00,15.949,15.965,15.933,15.95,2826.0,LINKUSDT_UMCBL
2025-05-21 20:25:00,15.95,15.965,15.92,15.925,985.0,LINKUSDT_UMCBL
2025-05-21 20:30:00,15.925,15.952,15.91,15.94,4276.0,LINKUSDT_UMCBL
2025-05-21 20:35:00,15.94,15.94,15.889,15.889,3675.0,LINKUSDT_UMCBL
2025-05-21 20:40:00,15.889,15.899,15.867,15.867,501.0,LINKUSDT_UMCBL
2025-05-21 20:45:00,15.867,15.869,15.821,15.854,2389.0,LINKUSDT_UMCBL
2025-05-21 20:50:00,15.854,15.859,15.799,15.859,4884.0,LINKUSDT_UMCBL
2025-05-21 20:55:00,15.859,15.927,15.859,15.927,1444.0,LINKUSDT_UMCBL
2025-05-21 21:00:00,15.927,15.928,15.885,15.908,7323.0,LINKUSDT_UMCBL
2025-05-21 21:05:00,15.908,15.982,15.908,15.982,450.0,LINKUSDT_UMCBL
2025-05-21 21:10:00,15.982,15.982,15.949,15.949,1308.0,LINKUSDT_UMCBL
2025-05-21 21:15:00,15.949,15.949,15.905,15.908,1791.0,LINKUSDT_UMCBL
2025-05-21 21:20:00,15.908,15.919,15.865,15.889,2560.0,LINKUSDT_UMCBL
2025-05-21 21:25:00,15.889,15.891,15.857,15.857,1091.0,LINKUSDT_UMCBL
2025-05-21 21:30:00,15.857,15.859,15.85,15.852,1083.0,LINKUSDT_UMCBL
2025-05-21 21:35:00,15.852,15.858,15.842,15.853,2896.0,LINKUSDT_UMCBL
2025-05-21 21:40:00,15.853,15.858,15.795,15.802,3744.0,LINKUSDT_UMCBL
2025-05-21 21:45:00,15.802,15.844,15.796,15.841,2140.0,LINKUSDT_UMCBL
2025-05-21 21:50:00,15.841,15.848,15.774,15.774,1808.0,LINKUSDT_UMCBL
2025-05-21 21:55:00,15.774,15.806,15.774,15.798,574.0,LINKUSDT_UMCBL
2025-05-21 22:00:00,15.798,15.827,15.765,15.799,3522.0,LINKUSDT_UMCBL
2025-05-21 22:05:00,15.799,15.828,15.775,15.776,1706.0,LINKUSDT_UMCBL
2025-05-21 22:10:00,15.776,15.793,15.776,15.787,204.0,LINKUSDT_UMCBL
2025-05-21 22:15:00,15.787,15.837,15.787,15.836,208.0,LINKUSDT_UMCBL
2025-05-21 22:20:00,15.836,15.889,15.836,15.876,1633.0,LINKUSDT_UMCBL
2025-05-21 22:25:00,15.876,15.914,15.876,15.914,1265.0,LINKUSDT_UMCBL
2025-05-21 22:30:00,15.914,15.981,15.914,15.978,1903.0,LINKUSDT_UMCBL
2025-05-21 22:35:00,15.978,15.978,15.907,15.908,3041.0,LINKUSDT_UMCBL
2025-05-21 22:40:00,15.908,15.938,15.892,15.938,484.0,LINKUSDT_UMCBL
2025-05-21 22:45:00,15.938,15.965,15.938,15.957,1126.0,LINKUSDT_UMCBL
2025-05-21 22:50:00,15.957,16.091,15.957,16.091,8325.0,LINKUSDT_UMCBL
2025-05-21 22:55:00,16.091,16.095,16.051,16.072,3712.0,LINKUSDT_UMCBL
2025-05-21 23:00:00,16.072,16.081,16.0,16.034,109734.0,LINKUSDT_UMCBL
2025-05-21 23:05:00,16.034,16.057,15.993,16.0,2783.0,LINKUSDT_UMCBL
2025-05-21 23:10:00,16.0,16.1,16.0,16.098,2921.0,LINKUSDT_UMCBL
2025-05-21 23:15:00,16.098,16.131,16.086,16.12,6162.0,LINKUSDT_UMCBL
2025-05-21 23:20:00,16.12,16.24,16.117,16.23,6939.0,LINKUSDT_UMCBL
2025-05-21 23:25:00,16.23,16.334,16.173,16.173,12042.0,LINKUSDT_UMCBL
2025-05-21 23:30:00,16.173,16.282,16.161,16.194,7210.0,LINKUSDT_UMCBL
2025-05-21 23:35:00,16.194,16.232,16.173,16.173,1725.0,LINKUSDT_UMCBL
2025-05-21 23:40:00,16.173,16.22,16.153,16.163,3321.0,LINKUSDT_UMCBL
2025-05-21 23:45:00,16.163,16.192,16.14,16.16,4007.0,LINKUSDT_UMCBL
2025-05-21 23:50:00,16.16,16.169,16.086,16.141,2659.0,LINKUSDT_UMCBL
2025-05-21 23:55:00,16.141,16.141,16.1,16.1,860.0,LINKUSDT_UMCBL
2025-05-22 00:00:00,16.1,16.189,16.095,16.189,3781.0,LINKUSDT_UMCBL
2025-05-22 00:05:00,16.189,16.197,16.114,16.154,2140.0,LINKUSDT_UMCBL
2025-05-22 00:10:00,16.154,16.195,16.116,16.131,2198.0,LINKUSDT_UMCBL
2025-05-22 00:15:00,16.131,16.161,16.111,16.151,1681.0,LINKUSDT_UMCBL
2025-05-22 00:20:00,16.151,16.228,16.129,16.228,525.0,LINKUSDT_UMCBL
2025-05-22 00:25:00,16.228,16.228,16.158,16.158,1513.0,LINKUSDT_UMCBL
2025-05-22 00:30:00,16.158,16.2,16.13,16.136,2203.0,LINKUSDT_UMCBL
2025-05-22 00:35:00,16.136,16.177,16.1,16.1,4720.0,LINKUSDT_UMCBL
2025-05-22 00:40:00,16.1,16.103,16.056,16.09,6051.0,LINKUSDT_UMCBL
2025-05-22 00:45:00,16.09,16.189,16.09,16.15,1091.0,LINKUSDT_UMCBL
2025-05-22 00:50:00,16.15,16.238,16.15,16.238,6909.0,LINKUSDT_UMCBL
2025-05-22 00:55:00,16.238,16.281,16.228,16.265,2817.0,LINKUSDT_UMCBL
2025-05-22 01:00:00,16.265,16.306,16.26,16.299,2398.0,LINKUSDT_UMCBL
2025-05-22 01:05:00,16.299,16.299,16.183,16.183,6545.0,LINKUSDT_UMCBL
2025-05-22 01:10:00,16.183,16.26,16.161,16.184,4333.0,LINKUSDT_UMCBL
2025-05-22 01:15:00,16.184,16.209,16.182,16.193,2810.0,LINKUSDT_UMCBL
2025-05-22 01:20:00,16.193,16.211,16.169,16.18,1507.0,LINKUSDT_UMCBL
2025-05-22 01:25:00,16.18,16.213,16.16,16.213,4710.0,LINKUSDT_UMCBL
2025-05-22 01:30:00,16.213,16.252,16.189,16.203,2368.0,LINKUSDT_UMCBL
2025-05-22 01:35:00,16.203,16.212,16.121,16.126,1384.0,LINKUSDT_UMCBL
2025-05-22 01:40:00,16.126,16.127,16.101,16.101,244.0,LINKUSDT_UMCBL
2025-05-22 01:45:00,16.101,16.139,16.043,16.072,8122.0,LINKUSDT_UMCBL
2025-05-22 01:50:00,16.072,16.098,16.072,16.072,2186.0,LINKUSDT_UMCBL
2025-05-22 01:55:00,16.072,16.1,16.07,16.095,577.0,LINKUSDT_UMCBL
2025-05-22 02:00:00,16.095,16.126,16.095,16.125,3937.0,LINKUSDT_UMCBL
2025-05-22 02:05:00,16.125,16.182,16.111,16.165,1018.0,LINKUSDT_UMCBL
2025-05-22 02:10:00,16.165,16.175,16.133,16.138,764.0,LINKUSDT_UMCBL
2025-05-22 02:15:00,16.138,16.168,16.124,16.152,6310.0,LINKUSDT_UMCBL
2025-05-22 02:20:00,16.152,16.239,16.152,16.239,3876.0,LINKUSDT_UMCBL
2025-05-22 02:25:00,16.239,16.241,16.214,16.216,1365.0,LINKUSDT_UMCBL
2025-05-22 02:30:00,16.216,16.269,16.216,16.256,3107.0,LINKUSDT_UMCBL
2025-05-22 02:35:00,16.256,16.288,16.23,16.277,5094.0,LINKUSDT_UMCBL
2025-05-22 02:40:00,16.277,16.299,16.215,16.246,2057.0,LINKUSDT_UMCBL
2025-05-22 02:45:00,16.246,16.289,16.246,16.268,1264.0,LINKUSDT_UMCBL
2025-05-22 02:50:00,16.268,16.3,16.259,16.295,1264.0,LINKUSDT_UMCBL
2025-05-22 02:55:00,16.295,16.31,16.285,16.292,458.0,LINKUSDT_UMCBL
2025-05-22 03:00:00,16.292,16.302,16.232,16.248,546.0,LINKUSDT_UMCBL
2025-05-22 03:05:00,16.248,16.28,16.248,16.275,1234.0,LINKUSDT_UMCBL
2025-05-22 03:10:00,16.275,16.275,16.248,16.251,156.0,LINKUSDT_UMCBL
2025-05-22 03:15:00,16.251,16.271,16.228,16.232,2536.0,LINKUSDT_UMCBL
2025-05-22 03:20:00,16.232,16.27,16.221,16.27,688.0,LINKUSDT_UMCBL
2025-05-22 03:25:00,16.27,16.331,16.267,16.33,4681.0,LINKUSDT_UMCBL
2025-05-22 03:30:00,16.33,16.377,16.313,16.377,2073.0,LINKUSDT_UMCBL
2025-05-22 03:35:00,16.377,16.387,16.355,16.359,4807.0,LINKUSDT_UMCBL
2025-05-22 03:40:00,16.359,16.444,16.351,16.44,9825.0,LINKUSDT_UMCBL
2025-05-22 03:45:00,16.44,16.5,16.436,16.5,9527.0,LINKUSDT_UMCBL
2025-05-22 03:50:00,16.5,16.53,16.424,16.432,14771.0,LINKUSDT_UMCBL
2025-05-22 03:55:00,16.432,16.454,16.414,16.416,7789.0,LINKUSDT_UMCBL
2025-05-22 04:00:00,16.416,16.441,16.389,16.397,4764.0,LINKUSDT_UMCBL
2025-05-22 04:05:00,16.397,16.397,16.366,16.389,5221.0,LINKUSDT_UMCBL
2025-05-22 04:10:00,16.389,16.408,16.366,16.377,8025.0,LINKUSDT_UMCBL
2025-05-22 04:15:00,16.377,16.4,16.347,16.4,3147.0,LINKUSDT_UMCBL
2025-05-22 04:20:00,16.4,16.429,16.372,16.372,3972.0,LINKUSDT_UMCBL
2025-05-22 04:25:00,16.372,16.386,16.353,16.386,917.0,LINKUSDT_UMCBL
2025-05-22 04:30:00,16.386,16.398,16.342,16.37,3829.0,LINKUSDT_UMCBL
2025-05-22 04:35:00,16.37,16.394,16.37,16.386,1110.0,LINKUSDT_UMCBL
2025-05-22 04:40:00,16.386,16.44,16.386,16.435,3887.0,LINKUSDT_UMCBL
2025-05-22 04:45:00,16.435,16.469,16.432,16.453,4260.0,LINKUSDT_UMCBL
2025-05-22 04:50:00,16.453,16.453,16.394,16.396,2104.0,LINKUSDT_UMCBL
2025-05-22 04:55:00,16.396,16.417,16.391,16.406,1683.0,LINKUSDT_UMCBL
2025-05-22 05:00:00,16.406,16.45,16.401,16.45,2256.0,LINKUSDT_UMCBL
2025-05-22 05:05:00,16.45,16.494,16.433,16.438,8882.0,LINKUSDT_UMCBL
2025-05-22 05:10:00,16.438,16.438,16.394,16.402,2839.0,LINKUSDT_UMCBL
2025-05-22 05:15:00,16.402,16.455,16.402,16.455,849.0,LINKUSDT_UMCBL
2025-05-22 05:20:00,16.455,16.455,16.42,16.439,2894.0,LINKUSDT_UMCBL
2025-05-22 05:25:00,16.439,16.482,16.416,16.47,2074.0,LINKUSDT_UMCBL
2025-05-22 05:30:00,16.47,16.47,16.413,16.427,7455.0,LINKUSDT_UMCBL
2025-05-22 05:35:00,16.427,16.437,16.394,16.406,8267.0,LINKUSDT_UMCBL
2025-05-22 05:40:00,16.406,16.421,16.39,16.411,10180.0,LINKUSDT_UMCBL
2025-05-22 05:45:00,16.411,16.411,16.359,16.375,7864.0,LINKUSDT_UMCBL
2025-05-22 05:50:00,16.375,16.392,16.372,16.379,1541.0,LINKUSDT_UMCBL
2025-05-22 05:55:00,16.379,16.379,16.262,16.279,16341.0,LINKUSDT_UMCBL
2025-05-22 06:00:00,16.279,16.344,16.259,16.344,5271.0,LINKUSDT_UMCBL
2025-05-22 06:05:00,16.344,16.344,16.313,16.318,4383.0,LINKUSDT_UMCBL
2025-05-22 06:10:00,16.318,16.319,16.294,16.294,1135.0,LINKUSDT_UMCBL
2025-05-22 06:15:00,16.294,16.302,16.247,16.259,4206.0,LINKUSDT_UMCBL
2025-05-22 06:20:00,16.259,16.279,16.222,16.279,3762.0,LINKUSDT_UMCBL
2025-05-22 06:25:00,16.279,16.288,16.231,16.276,4197.0,LINKUSDT_UMCBL
2025-05-22 06:30:00,16.276,16.285,16.219,16.258,449.0,LINKUSDT_UMCBL
2025-05-22 06:35:00,16.258,16.266,16.225,16.26,836.0,LINKUSDT_UMCBL
2025-05-22 06:40:00,16.26,16.3,16.244,16.298,3481.0,LINKUSDT_UMCBL
2025-05-22 06:45:00,16.298,16.333,16.28,16.285,2153.0,LINKUSDT_UMCBL
2025-05-22 06:50:00,16.285,16.301,16.266,16.282,2409.0,LINKUSDT_UMCBL
2025-05-22 06:55:00,16.282,16.285,16.246,16.265,2010.0,LINKUSDT_UMCBL
2025-05-22 07:00:00,16.265,16.303,16.249,16.303,1927.0,LINKUSDT_UMCBL
2025-05-22 07:05:00,16.303,16.321,16.292,16.321,1089.0,LINKUSDT_UMCBL
2025-05-22 07:10:00,16.321,16.362,16.306,16.362,3419.0,LINKUSDT_UMCBL
2025-05-22 07:15:00,16.362,16.408,16.327,16.332,5272.0,LINKUSDT_UMCBL
2025-05-22 07:20:00,16.332,16.344,16.301,16.321,14942.0,LINKUSDT_UMCBL
2025-05-22 07:25:00,16.321,16.327,16.283,16.287,8142.0,LINKUSDT_UMCBL
2025-05-22 07:30:00,16.287,16.321,16.28,16.321,12974.0,LINKUSDT_UMCBL
2025-05-22 07:35:00,16.321,16.378,16.312,16.376,4333.0,LINKUSDT_UMCBL
2025-05-22 07:40:00,16.376,16.42,16.369,16.393,4560.0,LINKUSDT_UMCBL
2025-05-22 07:45:00,16.393,16.436,16.393,16.433,5969.0,LINKUSDT_UMCBL
2025-05-22 07:50:00,16.433,16.433,16.401,16.41,8302.0,LINKUSDT_UMCBL
2025-05-22 07:55:00,16.41,16.434,16.408,16.428,3606.0,LINKUSDT_UMCBL
2025-05-22 08:00:00,16.428,16.44,16.408,16.421,2862.0,LINKUSDT_UMCBL
2025-05-22 08:05:00,16.421,16.482,16.421,16.481,2747.0,LINKUSDT_UMCBL
2025-05-22 08:10:00,16.481,16.515,16.464,16.514,3900.0,LINKUSDT_UMCBL
2025-05-22 08:15:00,16.514,16.643,16.509,16.643,34184.0,LINKUSDT_UMCBL
2025-05-22 08:20:00,16.643,16.672,16.569,16.576,20761.0,LINKUSDT_UMCBL
2025-05-22 08:25:00,16.576,16.626,16.558,16.58,7098.0,LINKUSDT_UMCBL
2025-05-22 08:30:00,16.58,16.622,16.564,16.564,8959.0,LINKUSDT_UMCBL
2025-05-22 08:35:00,16.564,16.59,16.529,16.558,21908.0,LINKUSDT_UMCBL
2025-05-22 08:40:00,16.558,16.579,16.531,16.56,4075.0,LINKUSDT_UMCBL
2025-05-22 08:45:00,16.56,16.595,16.547,16.551,5206.0,LINKUSDT_UMCBL
2025-05-22 08:50:00,16.551,16.556,16.51,16.539,8083.0,LINKUSDT_UMCBL
2025-05-22 08:55:00,16.539,16.57,16.516,16.565,4172.0,LINKUSDT_UMCBL
2025-05-22 09:00:00,16.565,16.635,16.557,16.635,5288.0,LINKUSDT_UMCBL
2025-05-22 09:05:00,16.635,16.687,16.618,16.682,6385.0,LINKUSDT_UMCBL
2025-05-22 09:10:00,16.682,16.691,16.648,16.663,7873.0,LINKUSDT_UMCBL
2025-05-22 09:15:00,16.663,16.716,16.661,16.704,8555.0,LINKUSDT_UMCBL
2025-05-22 09:20:00,16.704,16.727,16.688,16.708,12069.0,LINKUSDT_UMCBL
2025-05-22 09:25:00,16.708,16.76,16.69,16.759,8439.0,LINKUSDT_UMCBL
2025-05-22 09:30:00,16.759,16.76,16.708,16.715,19502.0,LINKUSDT_UMCBL
2025-05-22 09:35:00,16.715,16.715,16.654,16.673,23899.0,LINKUSDT_UMCBL
2025-05-22 09:40:00,16.673,16.689,16.631,16.655,3339.0,LINKUSDT_UMCBL
2025-05-22 09:45:00,16.655,16.665,16.62,16.627,5478.0,LINKUSDT_UMCBL
2025-05-22 09:50:00,16.627,16.649,16.61,16.64,4514.0,LINKUSDT_UMCBL
2025-05-22 09:55:00,16.64,16.64,16.61,16.616,1757.0,LINKUSDT_UMCBL
2025-05-22 10:00:00,16.616,16.639,16.579,16.581,6622.0,LINKUSDT_UMCBL
2025-05-22 10:05:00,16.581,16.609,16.551,16.579,2178.0,LINKUSDT_UMCBL
2025-05-22 10:10:00,16.579,16.629,16.579,16.625,5142.0,LINKUSDT_UMCBL
2025-05-22 10:15:00,16.625,16.656,16.608,16.647,1880.0,LINKUSDT_UMCBL
2025-05-22 10:20:00,16.647,16.681,16.639,16.681,8425.0,LINKUSDT_UMCBL
2025-05-22 10:25:00,16.681,16.683,16.649,16.657,1759.0,LINKUSDT_UMCBL
2025-05-22 10:30:00,16.657,16.68,16.641,16.658,3687.0,LINKUSDT_UMCBL
2025-05-22 10:35:00,16.658,16.66,16.598,16.607,4185.0,LINKUSDT_UMCBL
2025-05-22 10:40:00,16.607,16.61,16.581,16.591,2915.0,LINKUSDT_UMCBL
2025-05-22 10:45:00,16.591,16.599,16.548,16.549,3546.0,LINKUSDT_UMCBL
2025-05-22 10:50:00,16.549,16.577,16.545,16.569,3272.0,LINKUSDT_UMCBL
2025-05-22 10:55:00,16.569,16.569,16.53,16.556,18374.0,LINKUSDT_UMCBL
2025-05-22 11:00:00,16.556,16.59,16.536,16.536,7792.0,LINKUSDT_UMCBL
2025-05-22 11:05:00,16.536,16.551,16.494,16.498,12348.0,LINKUSDT_UMCBL
2025-05-22 11:10:00,16.498,16.545,16.482,16.536,3347.0,LINKUSDT_UMCBL
2025-05-22 11:15:00,16.536,16.538,16.479,16.533,3268.0,LINKUSDT_UMCBL
2025-05-22 11:20:00,16.533,16.533,16.486,16.503,978.0,LINKUSDT_UMCBL
2025-05-22 11:25:00,16.503,16.503,16.45,16.46,3610.0,LINKUSDT_UMCBL
2025-05-22 11:30:00,16.46,16.526,16.46,16.526,8992.0,LINKUSDT_UMCBL
2025-05-22 11:35:00,16.526,16.534,16.496,16.534,2344.0,LINKUSDT_UMCBL
2025-05-22 11:40:00,16.534,16.544,16.502,16.544,1747.0,LINKUSDT_UMCBL
2025-05-22 11:45:00,16.544,16.574,16.543,16.571,7164.0,LINKUSDT_UMCBL
2025-05-22 11:50:00,16.571,16.641,16.555,16.641,6795.0,LINKUSDT_UMCBL
2025-05-22 11:55:00,16.641,16.664,16.593,16.631,8560.0,LINKUSDT_UMCBL
2025-05-22 12:00:00,16.631,16.671,16.604,16.606,4352.0,LINKUSDT_UMCBL
2025-05-22 12:05:00,16.606,16.644,16.606,16.623,3916.0,LINKUSDT_UMCBL
2025-05-22 12:10:00,16.623,16.623,16.49,16.49,5235.0,LINKUSDT_UMCBL
2025-05-22 12:15:00,16.49,16.537,16.477,16.537,4689.0,LINKUSDT_UMCBL
2025-05-22 12:20:00,16.537,16.566,16.529,16.557,9191.0,LINKUSDT_UMCBL
2025-05-22 12:25:00,16.557,16.57,16.531,16.54,7819.0,LINKUSDT_UMCBL
2025-05-22 12:30:00,16.54,16.559,16.488,16.559,3660.0,LINKUSDT_UMCBL
2025-05-22 12:35:00,16.559,16.59,16.557,16.587,3545.0,LINKUSDT_UMCBL
2025-05-22 12:40:00,16.587,16.596,16.547,16.547,2123.0,LINKUSDT_UMCBL
2025-05-22 12:45:00,16.547,16.561,16.511,16.54,2239.0,LINKUSDT_UMCBL
2025-05-22 12:50:00,16.54,16.565,16.54,16.548,803.0,LINKUSDT_UMCBL
2025-05-22 12:55:00,16.548,16.558,16.523,16.537,3702.0,LINKUSDT_UMCBL
2025-05-22 13:00:00,16.537,16.543,16.465,16.465,5000.0,LINKUSDT_UMCBL
2025-05-22 13:05:00,16.465,16.478,16.424,16.469,7094.0,LINKUSDT_UMCBL
2025-05-22 13:10:00,16.469,16.501,16.466,16.466,6561.0,LINKUSDT_UMCBL
2025-05-22 13:15:00,16.466,16.498,16.461,16.467,2853.0,LINKUSDT_UMCBL
2025-05-22 13:20:00,16.467,16.566,16.456,16.535,5353.0,LINKUSDT_UMCBL
2025-05-22 13:25:00,16.535,16.553,16.525,16.542,5000.0,LINKUSDT_UMCBL
2025-05-22 13:30:00,16.542,16.578,16.444,16.458,5858.0,LINKUSDT_UMCBL
2025-05-22 13:35:00,16.458,16.513,16.394,16.513,10761.0,LINKUSDT_UMCBL
2025-05-22 13:40:00,16.513,16.549,16.504,16.515,3685.0,LINKUSDT_UMCBL
2025-05-22 13:45:00,16.515,16.533,16.465,16.531,6756.0,LINKUSDT_UMCBL
2025-05-22 13:50:00,16.531,16.583,16.508,16.571,3812.0,LINKUSDT_UMCBL
2025-05-22 13:55:00,16.571,16.571,16.515,16.515,6235.0,LINKUSDT_UMCBL
2025-05-22 14:00:00,16.515,16.637,16.515,16.637,10883.0,LINKUSDT_UMCBL
2025-05-22 14:05:00,16.637,16.672,16.608,16.631,16219.0,LINKUSDT_UMCBL
2025-05-22 14:10:00,16.631,16.639,16.603,16.632,5527.0,LINKUSDT_UMCBL
2025-05-22 14:15:00,16.632,16.705,16.632,16.697,11894.0,LINKUSDT_UMCBL
2025-05-22 14:20:00,16.697,16.721,16.661,16.679,6676.0,LINKUSDT_UMCBL
2025-05-22 14:25:00,16.679,16.791,16.667,16.788,8054.0,LINKUSDT_UMCBL
2025-05-22 14:30:00,16.788,16.873,16.782,16.821,45962.0,LINKUSDT_UMCBL
2025-05-22 14:35:00,16.821,16.821,16.705,16.739,8064.0,LINKUSDT_UMCBL
2025-05-22 14:40:00,16.739,16.795,16.721,16.757,5370.0,LINKUSDT_UMCBL
2025-05-22 14:45:00,16.757,16.821,16.756,16.816,3055.0,LINKUSDT_UMCBL
2025-05-22 14:50:00,16.816,16.85,16.777,16.816,5456.0,LINKUSDT_UMCBL
2025-05-22 14:55:00,16.816,16.854,16.736,16.854,13632.0,LINKUSDT_UMCBL
2025-05-22 15:00:00,16.854,16.898,16.803,16.806,7561.0,LINKUSDT_UMCBL
2025-05-22 15:05:00,16.806,16.863,16.793,16.833,1201.0,LINKUSDT_UMCBL
2025-05-22 15:10:00,16.833,16.877,16.833,16.85,24013.0,LINKUSDT_UMCBL
2025-05-22 15:15:00,16.85,16.879,16.82,16.826,6558.0,LINKUSDT_UMCBL
2025-05-22 15:20:00,16.826,16.868,16.819,16.841,4084.0,LINKUSDT_UMCBL
2025-05-22 15:25:00,16.841,16.846,16.813,16.827,1105.0,LINKUSDT_UMCBL
2025-05-22 15:30:00,16.827,16.866,16.824,16.855,6014.0,LINKUSDT_UMCBL
2025-05-22 15:35:00,16.855,16.877,16.827,16.864,2977.0,LINKUSDT_UMCBL
2025-05-22 15:40:00,16.864,16.864,16.834,16.862,2436.0,LINKUSDT_UMCBL
2025-05-22 15:45:00,16.862,16.867,16.794,16.82,6639.0,LINKUSDT_UMCBL
2025-05-22 15:50:00,16.82,16.85,16.8,16.829,1508.0,LINKUSDT_UMCBL
2025-05-22 15:55:00,16.829,16.829,16.784,16.807,2749.0,LINKUSDT_UMCBL
2025-05-22 16:00:00,16.807,16.86,16.807,16.855,5853.0,LINKUSDT_UMCBL
2025-05-22 16:05:00,16.855,16.871,16.841,16.844,1387.0,LINKUSDT_UMCBL
2025-05-22 16:10:00,16.844,16.889,16.836,16.888,935.0,LINKUSDT_UMCBL
2025-05-22 16:15:00,16.888,16.913,16.815,16.817,4678.0,LINKUSDT_UMCBL
2025-05-22 16:20:00,16.817,16.86,16.815,16.837,4070.0,LINKUSDT_UMCBL
2025-05-22 16:25:00,16.837,16.846,16.8,16.801,1291.0,LINKUSDT_UMCBL
2025-05-22 16:30:00,16.801,16.801,16.708,16.726,17746.0,LINKUSDT_UMCBL
2025-05-22 16:35:00,16.726,16.796,16.726,16.794,1049.0,LINKUSDT_UMCBL
2025-05-22 16:40:00,16.794,16.818,16.791,16.812,443.0,LINKUSDT_UMCBL
2025-05-22 16:45:00,16.812,16.812,16.773,16.782,1085.0,LINKUSDT_UMCBL
2025-05-22 16:50:00,16.782,16.782,16.746,16.746,807.0,LINKUSDT_UMCBL
2025-05-22 16:55:00,16.746,16.746,16.693,16.732,8617.0,LINKUSDT_UMCBL
2025-05-22 17:00:00,16.732,16.743,16.71,16.728,7672.0,LINKUSDT_UMCBL
2025-05-22 17:05:00,16.728,16.762,16.728,16.737,1066.0,LINKUSDT_UMCBL
2025-05-22 17:10:00,16.737,16.756,16.725,16.735,3844.0,LINKUSDT_UMCBL
2025-05-22 17:15:00,16.735,16.808,16.735,16.799,1677.0,LINKUSDT_UMCBL
2025-05-22 17:20:00,16.799,16.86,16.799,16.86,1643.0,LINKUSDT_UMCBL
2025-05-22 17:25:00,16.86,16.86,16.802,16.802,989.0,LINKUSDT_UMCBL
2025-05-22 17:30:00,16.802,16.825,16.787,16.819,895.0,LINKUSDT_UMCBL
2025-05-22 17:35:00,16.819,16.822,16.807,16.811,907.0,LINKUSDT_UMCBL
2025-05-22 17:40:00,16.811,16.811,16.774,16.779,860.0,LINKUSDT_UMCBL
2025-05-22 17:45:00,16.779,16.779,16.734,16.74,1915.0,LINKUSDT_UMCBL
2025-05-22 17:50:00,16.74,16.742,16.723,16.723,4109.0,LINKUSDT_UMCBL
2025-05-22 17:55:00,16.723,16.76,16.722,16.748,2034.0,LINKUSDT_UMCBL
2025-05-22 18:00:00,16.748,16.755,16.714,16.729,1438.0,LINKUSDT_UMCBL
2025-05-22 18:05:00,16.729,16.732,16.704,16.724,2491.0,LINKUSDT_UMCBL
2025-05-22 18:10:00,16.724,16.758,16.713,16.742,215.0,LINKUSDT_UMCBL
2025-05-22 18:15:00,16.742,16.799,16.742,16.799,4257.0,LINKUSDT_UMCBL
2025-05-22 18:20:00,16.799,16.806,16.768,16.788,876.0,LINKUSDT_UMCBL
2025-05-22 18:25:00,16.788,16.8,16.781,16.793,482.0,LINKUSDT_UMCBL
2025-05-22 18:30:00,16.793,16.808,16.771,16.782,1468.0,LINKUSDT_UMCBL
2025-05-22 18:35:00,16.782,16.8,16.782,16.8,1303.0,LINKUSDT_UMCBL
2025-05-22 18:40:00,16.8,16.805,16.773,16.773,787.0,LINKUSDT_UMCBL
2025-05-22 18:45:00,16.773,16.819,16.773,16.817,770.0,LINKUSDT_UMCBL
2025-05-22 18:50:00,16.817,16.85,16.813,16.823,4155.0,LINKUSDT_UMCBL
2025-05-22 18:55:00,16.823,16.847,16.804,16.804,3726.0,LINKUSDT_UMCBL
2025-05-22 19:00:00,16.804,16.817,16.757,16.757,845.0,LINKUSDT_UMCBL
2025-05-22 19:05:00,16.757,16.777,16.737,16.777,4022.0,LINKUSDT_UMCBL
2025-05-22 19:10:00,16.777,16.787,16.757,16.775,1334.0,LINKUSDT_UMCBL
2025-05-22 19:15:00,16.775,16.777,16.729,16.729,1301.0,LINKUSDT_UMCBL
2025-05-22 19:20:00,16.729,16.75,16.726,16.732,1350.0,LINKUSDT_UMCBL
2025-05-22 19:25:00,16.732,16.757,16.732,16.751,782.0,LINKUSDT_UMCBL
2025-05-22 19:30:00,16.751,16.761,16.693,16.707,2112.0,LINKUSDT_UMCBL
2025-05-22 19:35:00,16.707,16.707,16.674,16.69,27393.0,LINKUSDT_UMCBL
2025-05-22 19:40:00,16.69,16.709,16.681,16.681,1538.0,LINKUSDT_UMCBL
2025-05-22 19:45:00,16.681,16.681,16.621,16.653,18611.0,LINKUSDT_UMCBL
2025-05-22 19:50:00,16.653,16.683,16.653,16.682,2352.0,LINKUSDT_UMCBL
2025-05-22 19:55:00,16.682,16.682,16.633,16.665,7034.0,LINKUSDT_UMCBL
2025-05-22 20:00:00,16.665,16.732,16.647,16.719,6205.0,LINKUSDT_UMCBL
2025-05-22 20:05:00,16.719,16.75,16.704,16.75,2258.0,LINKUSDT_UMCBL
2025-05-22 20:10:00,16.75,16.758,16.747,16.754,2791.0,LINKUSDT_UMCBL
2025-05-22 20:15:00,16.754,16.754,16.726,16.726,2891.0,LINKUSDT_UMCBL
2025-05-22 20:20:00,16.726,16.734,16.668,16.67,1170.0,LINKUSDT_UMCBL
2025-05-22 20:25:00,16.67,16.678,16.652,16.662,1093.0,LINKUSDT_UMCBL
2025-05-22 20:30:00,16.662,16.686,16.639,16.639,2221.0,LINKUSDT_UMCBL
2025-05-22 20:35:00,16.639,16.663,16.639,16.655,525.0,LINKUSDT_UMCBL
2025-05-22 20:40:00,16.655,16.701,16.654,16.692,2248.0,LINKUSDT_UMCBL
2025-05-22 20:45:00,16.692,16.721,16.651,16.651,25394.0,LINKUSDT_UMCBL
2025-05-22 20:50:00,16.651,16.687,16.651,16.687,701.0,LINKUSDT_UMCBL
2025-05-22 20:55:00,16.687,16.687,16.651,16.67,1098.0,LINKUSDT_UMCBL
2025-05-22 21:00:00,16.67,16.67,16.642,16.648,1672.0,LINKUSDT_UMCBL
2025-05-22 21:05:00,16.648,16.648,16.556,16.591,10597.0,LINKUSDT_UMCBL
2025-05-22 21:10:00,16.591,16.592,16.552,16.592,5385.0,LINKUSDT_UMCBL
2025-05-22 21:15:00,16.592,16.628,16.591,16.612,3258.0,LINKUSDT_UMCBL
2025-05-22 21:20:00,16.612,16.612,16.576,16.578,2849.0,LINKUSDT_UMCBL
2025-05-22 21:25:00,16.578,16.582,16.533,16.555,12887.0,LINKUSDT_UMCBL
2025-05-22 21:30:00,16.555,16.587,16.543,16.583,3504.0,LINKUSDT_UMCBL
2025-05-22 21:35:00,16.583,16.607,16.573,16.596,1237.0,LINKUSDT_UMCBL
2025-05-22 21:40:00,16.596,16.596,16.574,16.594,2167.0,LINKUSDT_UMCBL
2025-05-22 21:45:00,16.594,16.619,16.588,16.588,1530.0,LINKUSDT_UMCBL
2025-05-22 21:50:00,16.588,16.595,16.571,16.577,2431.0,LINKUSDT_UMCBL
2025-05-22 21:55:00,16.577,16.608,16.572,16.582,464.0,LINKUSDT_UMCBL
2025-05-22 22:00:00,16.582,16.671,16.582,16.658,3587.0,LINKUSDT_UMCBL
2025-05-22 22:05:00,16.658,16.729,16.657,16.719,3145.0,LINKUSDT_UMCBL
2025-05-22 22:10:00,16.719,16.757,16.703,16.709,26151.0,LINKUSDT_UMCBL
2025-05-22 22:15:00,16.709,16.739,16.708,16.726,2368.0,LINKUSDT_UMCBL
2025-05-22 22:20:00,16.726,16.729,16.693,16.693,882.0,LINKUSDT_UMCBL
2025-05-22 22:25:00,16.693,16.7,16.684,16.695,1878.0,LINKUSDT_UMCBL
2025-05-22 22:30:00,16.695,16.73,16.695,16.723,1111.0,LINKUSDT_UMCBL
2025-05-22 22:35:00,16.723,16.755,16.719,16.736,2251.0,LINKUSDT_UMCBL
2025-05-22 22:40:00,16.736,16.74,16.713,16.73,1260.0,LINKUSDT_UMCBL
2025-05-22 22:45:00,16.73,16.73,16.678,16.678,3070.0,LINKUSDT_UMCBL
2025-05-22 22:50:00,16.678,16.686,16.638,16.641,3974.0,LINKUSDT_UMCBL
2025-05-22 22:55:00,16.641,16.645,16.638,16.643,520.0,LINKUSDT_UMCBL
2025-05-22 23:00:00,16.643,16.675,16.643,16.667,536.0,LINKUSDT_UMCBL
2025-05-22 23:05:00,16.667,16.687,16.667,16.68,334.0,LINKUSDT_UMCBL
2025-05-22 23:10:00,16.68,16.717,16.68,16.717,135.0,LINKUSDT_UMCBL
2025-05-22 23:15:00,16.717,16.73,16.669,16.669,1503.0,LINKUSDT_UMCBL
2025-05-22 23:20:00,16.669,16.669,16.619,16.638,497.0,LINKUSDT_UMCBL
2025-05-22 23:25:00,16.638,16.719,16.638,16.711,1556.0,LINKUSDT_UMCBL
2025-05-22 23:30:00,16.711,16.766,16.709,16.756,683.0,LINKUSDT_UMCBL
2025-05-22 23:35:00,16.756,16.76,16.732,16.734,2302.0,LINKUSDT_UMCBL
2025-05-22 23:40:00,16.734,16.75,16.728,16.748,582.0,LINKUSDT_UMCBL
2025-05-22 23:45:00,16.748,16.789,16.748,16.781,2003.0,LINKUSDT_UMCBL
2025-05-22 23:50:00,16.781,16.793,16.75,16.75,8618.0,LINKUSDT_UMCBL
2025-05-22 23:55:00,16.75,16.76,16.737,16.748,2340.0,LINKUSDT_UMCBL
2025-05-23 00:00:00,16.748,16.762,16.699,16.704,6800.0,LINKUSDT_UMCBL
2025-05-23 00:05:00,16.704,16.721,16.691,16.717,1079.0,LINKUSDT_UMCBL
2025-05-23 00:10:00,16.717,16.811,16.715,16.793,50220.0,LINKUSDT_UMCBL
2025-05-23 00:15:00,16.793,16.835,16.784,16.798,5371.0,LINKUSDT_UMCBL
2025-05-23 00:20:00,16.798,16.828,16.738,16.765,2008.0,LINKUSDT_UMCBL
2025-05-23 00:25:00,16.765,16.782,16.694,16.706,5963.0,LINKUSDT_UMCBL
2025-05-23 00:30:00,16.706,16.706,16.64,16.649,6830.0,LINKUSDT_UMCBL
2025-05-23 00:35:00,16.649,16.707,16.649,16.688,766.0,LINKUSDT_UMCBL
2025-05-23 00:40:00,16.688,16.718,16.666,16.666,2890.0,LINKUSDT_UMCBL
2025-05-23 00:45:00,16.666,16.79,16.662,16.772,1642.0,LINKUSDT_UMCBL
2025-05-23 00:50:00,16.772,16.794,16.701,16.702,1830.0,LINKUSDT_UMCBL
2025-05-23 00:55:00,16.702,16.716,16.688,16.703,1074.0,LINKUSDT_UMCBL
2025-05-23 01:00:00,16.703,16.728,16.631,16.633,4359.0,LINKUSDT_UMCBL
2025-05-23 01:05:00,16.633,16.639,16.609,16.63,3961.0,LINKUSDT_UMCBL
2025-05-23 01:10:00,16.63,16.674,16.63,16.654,2651.0,LINKUSDT_UMCBL
2025-05-23 01:15:00,16.654,16.705,16.619,16.688,15272.0,LINKUSDT_UMCBL
2025-05-23 01:20:00,16.688,16.747,16.688,16.742,1422.0,LINKUSDT_UMCBL
2025-05-23 01:25:00,16.742,16.8,16.742,16.797,4009.0,LINKUSDT_UMCBL
2025-05-23 01:30:00,16.797,16.855,16.785,16.825,5288.0,LINKUSDT_UMCBL
2025-05-23 01:35:00,16.825,16.874,16.802,16.861,1923.0,LINKUSDT_UMCBL
2025-05-23 01:40:00,16.861,16.862,16.769,16.779,7068.0,LINKUSDT_UMCBL
2025-05-23 01:45:00,16.779,16.793,16.763,16.774,4636.0,LINKUSDT_UMCBL
2025-05-23 01:50:00,16.774,16.816,16.773,16.785,2870.0,LINKUSDT_UMCBL
2025-05-23 01:55:00,16.785,16.785,16.755,16.762,2027.0,LINKUSDT_UMCBL
2025-05-23 02:00:00,16.762,16.832,16.762,16.832,331.0,LINKUSDT_UMCBL
2025-05-23 02:05:00,16.832,16.899,16.832,16.899,1355.0,LINKUSDT_UMCBL
2025-05-23 02:10:00,16.899,16.987,16.892,16.986,43638.0,LINKUSDT_UMCBL
2025-05-23 02:15:00,16.986,17.037,16.937,17.015,10420.0,LINKUSDT_UMCBL
2025-05-23 02:20:00,17.015,17.068,17.001,17.027,12860.0,LINKUSDT_UMCBL
2025-05-23 02:25:00,17.027,17.058,17.012,17.029,3500.0,LINKUSDT_UMCBL
2025-05-23 02:30:00,17.029,17.072,17.026,17.058,4642.0,LINKUSDT_UMCBL
2025-05-23 02:35:00,17.058,17.149,17.058,17.107,6824.0,LINKUSDT_UMCBL
2025-05-23 02:40:00,17.107,17.107,17.008,17.035,23835.0,LINKUSDT_UMCBL
2025-05-23 02:45:00,17.035,17.077,17.034,17.043,7225.0,LINKUSDT_UMCBL
2025-05-23 02:50:00,17.043,17.044,17.01,17.012,3726.0,LINKUSDT_UMCBL
2025-05-23 02:55:00,17.012,17.019,16.954,16.993,7686.0,LINKUSDT_UMCBL
2025-05-23 03:00:00,16.993,17.067,16.993,17.061,4233.0,LINKUSDT_UMCBL
2025-05-23 03:05:00,17.061,17.096,17.054,17.071,2305.0,LINKUSDT_UMCBL
2025-05-23 03:10:00,17.071,17.084,17.027,17.043,5928.0,LINKUSDT_UMCBL
2025-05-23 03:15:00,17.043,17.043,17.003,17.039,6764.0,LINKUSDT_UMCBL
2025-05-23 03:20:00,17.039,17.095,17.029,17.08,13647.0,LINKUSDT_UMCBL
2025-05-23 03:25:00,17.08,17.092,17.035,17.053,13022.0,LINKUSDT_UMCBL
2025-05-23 03:30:00,17.053,17.104,17.048,17.053,2327.0,LINKUSDT_UMCBL
2025-05-23 03:35:00,17.053,17.064,17.018,17.05,2341.0,LINKUSDT_UMCBL
2025-05-23 03:40:00,17.05,17.123,17.047,17.123,1887.0,LINKUSDT_UMCBL
2025-05-23 03:45:00,17.123,17.159,17.093,17.152,7841.0,LINKUSDT_UMCBL
2025-05-23 03:50:00,17.152,17.176,17.133,17.174,2968.0,LINKUSDT_UMCBL
2025-05-23 03:55:00,17.174,17.174,17.15,17.15,3428.0,LINKUSDT_UMCBL
2025-05-23 04:00:00,17.15,17.168,17.104,17.107,1928.0,LINKUSDT_UMCBL
2025-05-23 04:05:00,17.107,17.107,17.034,17.034,2424.0,LINKUSDT_UMCBL
2025-05-23 04:10:00,17.034,17.044,16.987,16.991,18333.0,LINKUSDT_UMCBL
2025-05-23 04:15:00,16.991,17.005,16.934,16.94,9139.0,LINKUSDT_UMCBL
2025-05-23 04:20:00,16.94,16.948,16.887,16.887,9930.0,LINKUSDT_UMCBL
2025-05-23 04:25:00,16.887,16.905,16.864,16.895,25631.0,LINKUSDT_UMCBL
2025-05-23 04:30:00,16.895,16.9,16.775,16.831,22552.0,LINKUSDT_UMCBL
2025-05-23 04:35:00,16.831,16.843,16.774,16.812,21212.0,LINKUSDT_UMCBL
2025-05-23 04:40:00,16.812,16.818,16.768,16.784,7746.0,LINKUSDT_UMCBL
2025-05-23 04:45:00,16.784,16.863,16.783,16.852,4938.0,LINKUSDT_UMCBL
2025-05-23 04:50:00,16.852,16.914,16.848,16.914,9118.0,LINKUSDT_UMCBL
2025-05-23 04:55:00,16.914,16.922,16.886,16.922,13531.0,LINKUSDT_UMCBL
2025-05-23 05:00:00,16.922,16.942,16.912,16.912,20424.0,LINKUSDT_UMCBL
2025-05-23 05:05:00,16.912,17.015,16.912,16.999,3972.0,LINKUSDT_UMCBL
2025-05-23 05:10:00,16.999,16.999,16.959,16.979,889.0,LINKUSDT_UMCBL
2025-05-23 05:15:00,16.979,16.994,16.942,16.942,3750.0,LINKUSDT_UMCBL
2025-05-23 05:20:00,16.942,16.955,16.917,16.946,4056.0,LINKUSDT_UMCBL
2025-05-23 05:25:00,16.946,16.946,16.86,16.874,4227.0,LINKUSDT_UMCBL
2025-05-23 05:30:00,16.874,16.888,16.803,16.841,11524.0,LINKUSDT_UMCBL
2025-05-23 05:35:00,16.841,16.887,16.839,16.869,1819.0,LINKUSDT_UMCBL
2025-05-23 05:40:00,16.869,16.884,16.859,16.884,2926.0,LINKUSDT_UMCBL
2025-05-23 05:45:00,16.884,16.909,16.881,16.894,1116.0,LINKUSDT_UMCBL
2025-05-23 05:50:00,16.894,16.937,16.894,16.913,5430.0,LINKUSDT_UMCBL
2025-05-23 05:55:00,16.913,16.962,16.913,16.956,2816.0,LINKUSDT_UMCBL
2025-05-23 06:00:00,16.956,16.962,16.901,16.915,1695.0,LINKUSDT_UMCBL
2025-05-23 06:05:00,16.915,16.929,16.826,16.835,2164.0,LINKUSDT_UMCBL
2025-05-23 06:10:00,16.835,16.841,16.725,16.734,24431.0,LINKUSDT_UMCBL
2025-05-23 06:15:00,16.734,16.759,16.705,16.751,8338.0,LINKUSDT_UMCBL
2025-05-23 06:20:00,16.751,16.756,16.668,16.668,5253.0,LINKUSDT_UMCBL
2025-05-23 06:25:00,16.668,16.747,16.638,16.728,28350.0,LINKUSDT_UMCBL
2025-05-23 06:30:00,16.728,16.746,16.689,16.72,8442.0,LINKUSDT_UMCBL
2025-05-23 06:35:00,16.72,16.72,16.663,16.697,1515.0,LINKUSDT_UMCBL
